Workbook

Sheet INPUT_GLOBAL
A1: Parameter | B1: Nilai | C1: Satuan | D1: Catatan
A2: Jumlah_Ikan_Awal | B2: 8000 | C2: ekor | D2: Jumlah benih hidup awal tebar
A3: Bobot_Awal_g | B3: 15 | C3: g/ekor | D3: Bobot rata-rata awal simulasi
A4: Mortalitas_Harian | B4: 0.0003 | C4: fraksi/hari | D4: Default 0,03% per hari, ubah sesuai aktual
A5: CP_Default_percent | B5: 32 | C5: % | D5: Protein kasar pakan
A6: DE_Default_kcal_per_kg | B6: 3100 | C6: kcal/kg | D6: Digestible energy pakan
A7: BFT_Credit | B7: 0.05 | C7: fraksi | D7: Kontribusi bioflok konservatif 0-0,15
A8: WQ_Factor | B8: 1 | C8: factor | D8: 1 = kualitas air baik, >1 jika kualitas air memburuk
A9: Beta_EP | B9: 1 | C9: koefisien | D9: Sensitivitas FCR terhadap E/P ratio
A10: Beta_FR | B10: 3 | C10: koefisien | D10: Sensitivitas FCR terhadap overfeeding
A11: Feeding_Rate_Factor | B11: 1 | C11: factor | D11: 1 = pakai FR_Max fase, 0,9 lebih konservatif
A12: Target_Bobot_Panen_g | B12: 250 | C12: g/ekor | D12: Target bobot panen
A13: Harga_Pakan_Rp_per_kg | B13: 11500 | C13: Rp/kg | D13: Opsional untuk estimasi biaya
... A15: Harga_Benih_Rp_per_ekor | B15: 500 | C15: Rp/ekor | D15: Opsional untuk estimasi biaya benih

Sheet LOOKUP_FASE
A1: Bobot_Min_g | B1: Bobot_Max_g | C1: FR_Min | D1: FR_Max | E1: CP_Min | F1: CP_Max | G1: DE_Min | H1: DE_Max | I1: EP_Low | J1: EP_High | K1: FCR_Base | L1: Frekuensi | M1: Pelet_mm | N1: Catatan
A2: 1 | B2: 5 | C2: 0.06 | D2: 0.1 | E2: 40 | F2: 45 | G2: 3000 | H2: 3200 | I2: 6.7 | J2: 8 | K2: 1.05 | L2: 4-5 | M2: crumble | N2: Benih kecil
A3: 5 | B3: 20 | C3: 0.04 | D3: 0.06 | E3: 35 | F3: 40 | G3: 3000 | H3: 3200 | I3: 7.5 | J3: 9.1 | K3: 1.1 | L3: 4 | M3: 1 | N3: Benih besar
A4: 20 | B4: 50 | C4: 0.035 | D4: 0.04 | E4: 32 | F4: 35 | G4: 3000 | H4: 3200 | I4: 8.6 | J4: 10 | K4: 1.15 | L4: 3-4 | M4: 1-2 | N4: Juvenile awal
A5: 50 | B5: 100 | C5: 0.03 | D5: 0.035 | E5: 30 | F5: 32 | G5: 3000 | H5: 3200 | I5: 9.4 | J5: 10.7 | K5: 1.2 | L5: 3 | M5: 2 | N5: Juvenile/grower
A6: 100 | B6: 200 | C6: 0.02 | D6: 0.03 | E6: 30 | F6: 32 | G6: 3000 | H6: 3200 | I6: 9.4 | J6: 10.7 | K6: 1.3 | L6: 2-3 | M6: 2-3 | N6: Grower
A7: 200 | B7: 300 | C7: 0.015 | D7: 0.02 | E7: 28 | F7: 30 | G7: 3000 | H7: 3200 | I7: 10 | J7: 11.4 | K7: 1.4 | L7: 2 | M7: 3-4 | N7: Finisher

Sheet SIMULASI_HARIAN
A1: Hari | B1: Jumlah_Ikan_Hidup | C1: Bobot_Avg_g | D1: Biomassa_Awal_Hari_kg | E1: FR_Min | F1: FR_Max | G1: Feeding_Rate | H1: Pakan_kg_hari | I1: CP_percent | J1: DE_kcal_kg | K1: EP_kcal_per_g | L1: EP_Low | M1: EP_High | N1: EP_Factor | O1: FR_Factor | P1: FCR_Base | Q1: BFT_Credit | R1: BFT_Factor | S1: WQ_Factor | T1: FCR_Effective | U1: Gain_kg_hari | V1: ADG_g_per_ekor | W1: Bobot_Akhir_Hari_g | X1: Mortalitas_Harian | Y1: Jumlah_Ikan_Akhir_Hari | Z1: Biomassa_Akhir_Hari_kg | AA1: Cum_Feed_kg | AB1: Cum_Gain_kg | AC1: FCR_Kumulatif | AD1: SGR_percent_per_day | AE1: Status_Panen | AF1: Catatan
A2: 0 | B2: =INPUT_GLOBAL!B2 -> 8000 | C2: =INPUT_GLOBAL!B3 -> 15 | D2: =B2*C2/1000 -> 120 | E2: =LOOKUP(C2,LOOKUP_FASE!$A$2:$A$7,LOOKUP_FASE!$C$2:$C$7) -> 0.04 | F2: =LOOKUP(C2,LOOKUP_FASE!$A$2:$A$7,LOOKUP_FASE!$D$2:$D$7) -> 0.06 | G2: =F2*INPUT_GLOBAL!B11 -> 0.06 | H2: =D2*G2 -> 7.2 | I2: =INPUT_GLOBAL!B5 -> 32 | J2: =INPUT_GLOBAL!B6 -> 3100 | K2: =J2/(I2*10) -> 9.6875 | L2: =LOOKUP(C2,LOOKUP_FASE!$A$2:$A$7,LOOKUP_FASE!$I$2:$I$7) -> 7.5 | M2: =LOOKUP(C2,LOOKUP_FASE!$A$2:$A$7,LOOKUP_FASE!$J$2:$J$7) -> 9.1 | N2: =IF(K2<L2,1+INPUT_GLOBAL!B9*(L2-K2)/L2,IF(K2>M2,1+INPUT_GLOBAL!B9*(K2-M2)/M2,1)) -> 1.0645604 | O2: =1+INPUT_GLOBAL!B10*(MAX(0,(G2-F2)/F2)^2) -> 1 | P2: =LOOKUP(C2,LOOKUP_FASE!$A$2:$A$7,LOOKUP_FASE!$K$2:$K$7) -> 1.1 | Q2: =INPUT_GLOBAL!B7 -> 0.05 | R2: =1-Q2 -> 0.95 | S2: =INPUT_GLOBAL!B8 -> 1 | T2: =P2*N2*O2*R2*S2 -> 1.1124657 | U2: =H2/T2 -> 6.4721099 | V2: =U2*1000/B2 -> 0.80901374 | W2: =C2+V2 -> 15.809014 | X2: =INPUT_GLOBAL!B4 -> 0.0003 | Y2: =B2*(1-X2) -> 7997.6 | Z2: =Y2*W2/1000 -> 126.43417 | AA2: =H2 -> 7.2 | AB2: =Z2-$D$2 -> 6.4341683 | AC2: =IF(AB2>0,AA2/AB2,0) -> 1.1190258 | AD2: =LN(W2/C2)*100 -> 5.2530066 | AE2: =IF(W2>=INPUT_GLOBAL!B12,"PANEN","LANJUT") -> LANJUT | AF2: Hari awal simulasi
A3: =A2+1 -> 1 | B3: =Y2 -> 7997.6 | C3: =W2 -> 15.809014 | D3: =B3*C3/1000 -> 126.43417 | E3: =LOOKUP(C3,LOOKUP_FASE!$A$2:$A$7,LOOKUP_FASE!$C$2:$C$7) -> 0.04 | F3: =LOOKUP(C3,LOOKUP_FASE!$A$2:$A$7,LOOKUP_FASE!$D$2:$D$7) -> 0.06 | G3: =F3*INPUT_GLOBAL!B11 -> 0.06 | H3: =D3*G3 -> 7.5860501 | I3: =INPUT_GLOBAL!B5 -> 32 | J3: =INPUT_GLOBAL!B6 -> 3100 | K3: =J3/(I3*10) -> 9.6875 | L3: =LOOKUP(C3,LOOKUP_FASE!$A$2:$A$7,LOOKUP_FASE!$I$2:$I$7) -> 7.5 | M3: =LOOKUP(C3,LOOKUP_FASE!$A$2:$A$7,LOOKUP_FASE!$J$2:$J$7) -> 9.1 | N3: =IF(K3<L3,1+INPUT_GLOBAL!B9*(L3-K3)/L3,IF(K3>M3,1+INPUT_GLOBAL!B9*(K3-M3)/M3,1)) -> 1.0645604 | O3: =1+INPUT_GLOBAL!B10*(MAX(0,(G3-F3)/F3)^2) -> 1 | P3: =LOOKUP(C3,LOOKUP_FASE!$A$2:$A$7,LOOKUP_FASE!$K$2:$K$7) -> 1.1 | Q3: =INPUT_GLOBAL!B7 -> 0.05 | R3: =1-Q3 -> 0.95 | S3: =INPUT_GLOBAL!B8 -> 1 | T3: =P3*N3*O3*R3*S3 -> 1.1124657 | U3: =H3/T3 -> 6.8191319 | V3: =U3*1000/B3 -> 0.85264729 | W3: =C3+V3 -> 16.661661 | X3: =INPUT_GLOBAL!B4 -> 0.0003 | Y3: =B3*(1-X3) -> 7995.2007 | Z3: =Y3*W3/1000 -> 133.21332 | AA3: =AA2+H3 -> 14.78605 | AB3: =Z3-$D$2 -> 13.213324 | AC3: =IF(AB3>0,AA3/AB3,0) -> 1.1190258 | AD3: =LN(W3/C3)*100 -> 5.2530066 | AE3: =IF(W3>=INPUT_GLOBAL!B12,"PANEN","LANJUT") -> LANJUT | AF3: Copy baris ini ke bawah sampai target panen

Sheet RINGKASAN
A1: Indikator | B1: Nilai | C1: Satuan | D1: Catatan
A2: Jumlah ikan awal | B2: =INPUT_GLOBAL!B2 -> 8000 | C2: ekor | D2: Input awal
A3: Bobot awal | B3: =INPUT_GLOBAL!B3 -> 15 | C3: g/ekor | D3: Input awal
A4: Target bobot panen | B4: =INPUT_GLOBAL!B12 -> 250 | C4: g/ekor | D4: Input target
A5: Hari terakhir simulasi | B5: =LOOKUP(2,1/(SIMULASI_HARIAN!A:A<>""),SIMULASI_HARIAN!A:A) -> 1 | C5: hari | D5: Berdasarkan baris terakhir yang terisi
A6: Bobot akhir simulasi | B6: =LOOKUP(2,1/(SIMULASI_HARIAN!A:A<>""),SIMULASI_HARIAN!W:W) -> 16.661661 | C6: g/ekor | D6: Bobot akhir hari
A7: Jumlah ikan akhir | B7: =LOOKUP(2,1/(SIMULASI_HARIAN!A:A<>""),SIMULASI_HARIAN!Y:Y) -> 7995.2007 | C7: ekor | D7: Setelah mortalitas
A8: Biomassa akhir | B8: =LOOKUP(2,1/(SIMULASI_HARIAN!A:A<>""),SIMULASI_HARIAN!Z:Z) -> 133.21332 | C8: kg | D8: Biomassa akhir hari
A9: Total pakan | B9: =LOOKUP(2,1/(SIMULASI_HARIAN!A:A<>""),SIMULASI_HARIAN!AA:AA) -> 14.78605 | C9: kg | D9: Kumulatif pakan
A10: Total gain biomassa | B10: =LOOKUP(2,1/(SIMULASI_HARIAN!A:A<>""),SIMULASI_HARIAN!AB:AB) -> 13.213324 | C10: kg | D10: Gain biomassa kumulatif
A11: FCR kumulatif | B11: =LOOKUP(2,1/(SIMULASI_HARIAN!A:A<>""),SIMULASI_HARIAN!AC:AC) -> 1.1190258 | C11: kg pakan/kg gain | D11: Indikator efisiensi utama
A12: Biaya pakan | B12: =B8*INPUT_GLOBAL!B13 -> 1531953.2 | C12: Rp | D12: Total pakan x harga pakan
A13: Biaya benih | B13: =INPUT_GLOBAL!B2*INPUT_GLOBAL!B15 -> 4000000 | C13: Rp | D13: Jumlah awal x harga benih
A14: Estimasi revenue | B14: =B7*INPUT_GLOBAL!B14 -> 2.3985602e+08 | C14: Rp | D14: Biomassa akhir x harga jual
A15: Margin kasar sebelum listrik dan alat | B15: =B13-B11-B12 -> 2468045.7 | C15: Rp | D15: Belum termasuk listrik, alat, tenaga kerja
A16: Status akhir | B16: =IF(B5>=INPUT_GLOBAL!B12,"Target bobot tercapai","Belum mencapai target") -> Belum mencapai target | C16: teks | D16: Cek target bobot

Sheet REFERENSI_ASUMSI
A1: Topik | B1: Asumsi | C1: Rujukan | D1: Catatan
A2: Feeding rate nila intensif | B2: FR turun seiring ukuran ikan, 1-5 g sekitar 10-6%, 5-20 g 6-4%, 20-100 g 4-3%, 100-250 g 3-2%, >250 g 2-1,5% | C2: FAO AFFRIS Tilapia Feeding Table | D2: Dipakai sebagai basis LOOKUP_FASE
A3: Kebutuhan protein nila | B3: Fingerling lebih tinggi, juvenile 30-35%, adult sekitar 28-32% | C3: FAO Tilapia Nutrition | D3: Dipakai sebagai basis CP per fase
A4: E/P atau P/E ratio | B4: P:E optimal tilapia sekitar 18-23 g protein/MJ energi, ekuivalen kasar E:P sekitar 10,4-13,3 kcal/g protein | C4: Literatur nutrisi tilapia | D4: Dipakai sebagai rentang efisiensi energi-protein
A5: Bioflok credit | B5: Bioflok dapat menjadi pakan tambahan, tetapi kontribusi aktual perlu dibuktikan | C5: KKP Panduan Bioflok | D5: Model default konservatif 5%
A6: FCR base | B6: Nilai awal semi-empiris, bukan angka pasti | C6: Harus dikalibrasi pilot | D6: Gunakan VALIDASI_PILOT
A7: WQ factor | B7: 1 jika air baik, >1 jika DO/TAN/nitrit buruk | C7: SOP kualitas air | D7: Dipakai sebagai penalti FCR

Sheet Sheet1
