Workbook

Sheet Model_Desain
A1: No | B1: Section | C1: Parameter | D1: Symbol | E1: Nilai | F1: Satuan | G1: Tipe | H1: Keterangan
B2: A. DATA KOLAM | C2: INPUT DATA KOLAM | G2: SECTION | H2: Ubah nilai INPUT sesuai kondisi kolam aktual.
A3: 1 | B3: A. DATA KOLAM | C3: Panjang kolam | D3: L_kolam | E3: 18 | F3: m | G3: INPUT | H3: Default artikel.
A4: 2 | B4: A. DATA KOLAM | C4: Lebar kolam | D4: W_kolam | E4: 3.5 | F4: m | G4: INPUT | H4: Default artikel.
A5: 3 | B5: A. DATA KOLAM | C5: Tinggi air kolam | D5: H_kolam | E5: 0.65 | F5: m | G5: INPUT | H5: Default artikel.
A6: 4 | B6: A. DATA KOLAM | C6: Luas permukaan kolam | D6: A_kolam | E6: =E3*E4 -> 63 | F6: m2 | G6: CALC | H6: A = L x W.
A7: 5 | B7: A. DATA KOLAM | C7: Volume air kolam | D7: V_kolam_m3 | E7: =E6*E5 -> 40.95 | F7: m3 | G7: CALC | H7: V = A x H.
A8: 6 | B8: A. DATA KOLAM | C8: Volume air kolam | D8: V_kolam_L | E8: =E7*1000 -> 40950 | F8: L | G8: CALC | H8: Konversi m3 ke liter.
B9: B. WASTE-BIOFLOC | C9: INPUT RASIO DAN DURASI WB | G9: SECTION | H9: Rasio ditulis sebagai desimal. 0.002 = 0.2%.
A10: 7 | B10: B. WASTE-BIOFLOC | C10: Rasio WB minimum konservatif | D10: R_WB_min | E10: 0.002 | F10: fraksi/hari | G10: INPUT | H10: Setara 0.2% volume kolam per hari.
A11: 8 | B11: B. WASTE-BIOFLOC | C11: Rasio WB nominal awal | D11: R_WB_nom | E11: 0.004 | F11: fraksi/hari | G11: INPUT | H11: Setara 0.4% volume kolam per hari.
A12: 9 | B12: B. WASTE-BIOFLOC | C12: Rasio WB desain normal | D12: R_WB_design | E12: 0.01 | F12: fraksi/hari | G12: INPUT | H12: Setara 1.0% volume kolam per hari.
A13: 10 | B13: B. WASTE-BIOFLOC | C13: Rasio WB high-floc sementara | D13: R_WB_max | E13: 0.02 | F13: fraksi/hari | G13: INPUT | H13: Setara 2.0% volume kolam per hari.
A14: 11 | B14: B. WASTE-BIOFLOC | C14: WB minimum konservatif | D14: V_WB_min | E14: =E8*E10 -> 81.9 | F14: L/hari | G14: CALC | H14: Volume WB 0.2%.
A15: 12 | B15: B. WASTE-BIOFLOC | C15: WB nominal awal | D15: V_WB_nom | E15: =E8*E11 -> 163.8 | F15: L/hari | G15: CALC | H15: Volume WB 0.4%.
A16: 13 | B16: B. WASTE-BIOFLOC | C16: WB desain normal | D16: V_WB_design | E16: =E8*E12 -> 409.5 | F16: L/hari | G16: CALC | H16: Volume WB 1.0%.
A17: 14 | B17: B. WASTE-BIOFLOC | C17: WB high-floc sementara | D17: V_WB_max | E17: =E8*E13 -> 819 | F17: L/hari | G17: CALC | H17: Volume WB 2.0%.
A18: 15 | B18: B. WASTE-BIOFLOC | C18: Durasi operasi batch | D18: t_batch | E18: 60 | F18: menit/hari | G18: INPUT | H18: Default artikel.
A19: 16 | B19: B. WASTE-BIOFLOC | C19: Debit WB minimum konservatif | D19: Q_WB_min | E19: =E14/E18 -> 1.365 | F19: L/menit | G19: CALC | H19: Debit jika batch 60 menit/hari.
A20: 17 | B20: B. WASTE-BIOFLOC | C20: Debit WB nominal awal | D20: Q_WB_nom | E20: =E15/E18 -> 2.73 | F20: L/menit | G20: CALC | H20: Debit jika batch 60 menit/hari.
A21: 18 | B21: B. WASTE-BIOFLOC | C21: Debit WB desain normal | D21: Q_WB_design | E21: =E16/E18 -> 6.825 | F21: L/menit | G21: CALC | H21: Debit operasi normal.
A22: 19 | B22: B. WASTE-BIOFLOC | C22: Debit WB high-floc sementara | D22: Q_WB_max | E22: =E17/E18 -> 13.65 | F22: L/menit | G22: CALC | H22: Debit high-floc sementara.
A23: 20 | B23: B. WASTE-BIOFLOC | C23: Debit WB high-floc | D23: Q_WB_max_m3s | E23: =E22/1000/60 -> 0.0002275 | F23: m3/s | G23: CALC | H23: Untuk cek kecepatan slot baffle.
B24: C. DIMENSI BASIN | C24: INPUT DIMENSI SEDIMENTATION BASIN | G24: SECTION | H24: Nilai default mengikuti artikel.
A25: 21 | B25: C. DIMENSI BASIN | C25: Panjang internal basin | D25: L_basin | E25: 1.75 | F25: m | G25: INPUT | H25: 175 cm.
A26: 22 | B26: C. DIMENSI BASIN | C26: Lebar internal basin | D26: W_basin | E26: 0.6 | F26: m | G26: INPUT | H26: 60 cm.
A27: 23 | B27: C. DIMENSI BASIN | C27: Tinggi air operasi basin | D27: H_air | E27: 0.65 | F27: m | G27: INPUT | H27: 65 cm.
A28: 24 | B28: C. DIMENSI BASIN | C28: Freeboard | D28: H_freeboard | E28: 0.2 | F28: m | G28: INPUT | H28: 20 cm.
A29: 25 | B29: C. DIMENSI BASIN | C29: Tinggi total dinding | D29: H_total | E29: =E27+E28 -> 0.85 | F29: m | G29: CALC | H29: H_total = H_air + freeboard.
A30: 26 | B30: C. DIMENSI BASIN | C30: Volume efektif basin | D30: V_basin_m3 | E30: =E25*E26*E27 -> 0.6825 | F30: m3 | G30: CALC | H30: V = L x W x H_air.
A31: 27 | B31: C. DIMENSI BASIN | C31: Volume efektif basin | D31: V_basin_L | E31: =E30*1000 -> 682.5 | F31: L | G31: CALC | H31: Konversi m3 ke liter.
A32: 28 | B32: C. DIMENSI BASIN | C32: Rasio panjang terhadap lebar | D32: L_W_ratio | E32: =E25/E26 -> 2.9166667 | F32: - | G32: CALC | H32: Target praktis sekitar 3:1.
B33: D. HRT BASIN | C33: CEK HYDRAULIC RETENTION TIME SEDIMENTATION BASIN | G33: SECTION | H33: HRT = V_basin / Q_WB.
A34: 29 | B34: D. HRT BASIN | C34: HRT operasi normal | D34: HRT_basin_normal | E34: =E31/E21 -> 100 | F34: menit | G34: CALC | H34: Menggunakan Q_WB_design.
A35: 30 | B35: D. HRT BASIN | C35: HRT high-floc sementara | D35: HRT_basin_high | E35: =E31/E22 -> 50 | F35: menit | G35: CALC | H35: Menggunakan Q_WB_max.
A36: 31 | B36: D. HRT BASIN | C36: HRT pada debit 5 L/menit | D36: HRT_5_Lpm | E36: =E31/5 -> 136.5 | F36: menit | G36: CALC | H36: Batas bawah operasi lapangan.
A37: 32 | B37: D. HRT BASIN | C37: HRT pada debit 10 L/menit | D37: HRT_10_Lpm | E37: =E31/10 -> 68.25 | F37: menit | G37: CALC | H37: Debit operasi normal menengah.
A38: 33 | B38: D. HRT BASIN | C38: HRT pada debit 15 L/menit | D38: HRT_15_Lpm | E38: =E31/15 -> 45.5 | F38: menit | G38: CALC | H38: Batas atas operasi lapangan.
B39: E. ZONA DAN PIPA | C39: INPUT ZONA, INLET, OUTLET, DAN DRAIN | G39: SECTION | H39: Semua panjang zona dalam cm.
A40: 34 | B40: E. ZONA DAN PIPA | C40: Ukuran PVC Inlet WB | D40: PVC_Inlet_WB | E40: 1 | F40: inch | G40: INPUT | H40: Default artikel.
A41: 35 | B41: E. ZONA DAN PIPA | C41: Ukuran PVC Outlet LB | D41: PVC_Outlet_LB | E41: 1.5 | F41: inch | G41: INPUT | H41: Default artikel.
A42: 36 | B42: E. ZONA DAN PIPA | C42: Ukuran PVC Drain SB | D42: PVC_Drain_SB | E42: 1.5 | F42: inch | G42: INPUT | H42: Default artikel.
A43: 37 | B43: E. ZONA DAN PIPA | C43: Panjang inlet chamber | D43: L_inlet_chamber | E43: 20 | F43: cm | G43: INPUT | H43: Zona 0-20 cm.
A44: 38 | B44: E. ZONA DAN PIPA | C44: Panjang zona distribusi tenang | D44: L_distribution | E44: 25 | F44: cm | G44: INPUT | H44: Zona 20-45 cm.
A45: 39 | B45: E. ZONA DAN PIPA | C45: Panjang zona pengendapan utama | D45: L_settling | E45: 105 | F45: cm | G45: INPUT | H45: Zona 45-150 cm.
A46: 40 | B46: E. ZONA DAN PIPA | C46: Jarak scum baffle ke weir | D46: L_baffle_weir | E46: 15 | F46: cm | G46: INPUT | H46: Zona 150-165 cm.
A47: 41 | B47: E. ZONA DAN PIPA | C47: Panjang outlet zone / launder | D47: L_outlet_zone | E47: 10 | F47: cm | G47: INPUT | H47: Zona 165-175 cm.
A48: 42 | B48: E. ZONA DAN PIPA | C48: Total panjang zona | D48: L_zone_total | E48: =E43+E44+E45+E46+E47 -> 175 | F48: cm | G48: CALC | H48: Harus sama dengan 175 cm.
A49: 43 | B49: E. ZONA DAN PIPA | C49: Posisi slotted diffuser baffle dari inlet | D49: X_baffle_inlet | E49: =E43 -> 20 | F49: cm | G49: CALC | H49: Pada 20 cm dari inlet.
A50: 44 | B50: E. ZONA DAN PIPA | C50: Akhir zona distribusi | D50: X_distribution_end | E50: =E43+E44 -> 45 | F50: cm | G50: CALC | H50: Pada 45 cm dari inlet.
A51: 45 | B51: E. ZONA DAN PIPA | C51: Posisi outlet scum baffle dari inlet | D51: X_scum_baffle | E51: =E43+E44+E45 -> 150 | F51: cm | G51: CALC | H51: Pada 150 cm dari inlet.
A52: 46 | B52: E. ZONA DAN PIPA | C52: Posisi weir dari inlet | D52: X_weir | E52: =E51+E46 -> 165 | F52: cm | G52: CALC | H52: Pada 165 cm dari inlet.
A53: 47 | B53: E. ZONA DAN PIPA | C53: Posisi akhir outlet zone | D53: X_outlet_end | E53: =E52+E47 -> 175 | F53: cm | G53: CALC | H53: Harus sama dengan panjang basin 175 cm.
B54: F. BAFFLE INLET REVISI | C54: MODEL SLOT BAFFLE INLET REVISI | G54: SECTION | H54: Slot direvisi agar match dengan inlet PVC 1 inch dan fungsi diffuser.
A55: 48 | B55: F. BAFFLE INLET REVISI | C55: Diameter dalam pendekatan PVC inlet 1 inch | D55: D_inlet_ID | E55: 0.026 | F55: m | G55: INPUT | H55: Pendekatan desain ID PVC 1 inch sekitar 26 mm.
A56: 49 | B56: F. BAFFLE INLET REVISI | C56: Luas penampang inlet 1 inch | D56: A_pipe_inlet | E56: =PI()*E55^2/4 -> 0.00053092916 | F56: m2 | G56: CALC | H56: A_pipe = pi x D^2 / 4.
A57: 50 | B57: F. BAFFLE INLET REVISI | C57: Jumlah slot inlet baffle | D57: n_slot | E57: 10 | F57: slot | G57: INPUT | H57: Default revisi artikel.
A58: 51 | B58: F. BAFFLE INLET REVISI | C58: Lebar slot | D58: w_slot | E58: 0.01 | F58: m | G58: INPUT | H58: 10 mm.
A59: 52 | B59: F. BAFFLE INLET REVISI | C59: Tinggi slot | D59: h_slot | E59: 0.03 | F59: m | G59: INPUT | H59: 30 mm.
A60: 53 | B60: F. BAFFLE INLET REVISI | C60: Luas satu slot | D60: A_slot | E60: =E58*E59 -> 0.0003 | F60: m2 | G60: CALC | H60: A_slot = w x h.
A61: 54 | B61: F. BAFFLE INLET REVISI | C61: Luas bukaan total slot | D61: A_open_total | E61: =E57*E60 -> 0.003 | F61: m2 | G61: CALC | H61: Target revisi sekitar 0.0030 m2.
A62: 55 | B62: F. BAFFLE INLET REVISI | C62: Rasio bukaan slot terhadap inlet | D62: R_slot_pipe | E62: =E61/E56 -> 5.6504714 | F62: - | G62: CALC | H62: Target sekitar 5-6 kali luas inlet.
A63: 56 | B63: F. BAFFLE INLET REVISI | C63: Target kecepatan slot | D63: v_slot_target | E63: 0.08 | F63: m/s | G63: INPUT | H63: Target desain untuk high-floc.
A64: 57 | B64: F. BAFFLE INLET REVISI | C64: Luas slot teoritis dari target v | D64: A_slot_theory | E64: =E23/E63 -> 0.00284375 | F64: m2 | G64: CALC | H64: A = Qmax / v_target.
A65: 58 | B65: F. BAFFLE INLET REVISI | C65: Kecepatan slot pada debit normal | D65: v_slot_normal | E65: =(E21/1000/60)/E61 -> 0.037916667 | F65: m/s | G65: CALC | H65: Menggunakan Q_WB_design.
A66: 59 | B66: F. BAFFLE INLET REVISI | C66: Kecepatan slot pada high-floc | D66: v_slot_high | E66: =E23/E61 -> 0.075833333 | F66: m/s | G66: CALC | H66: Menggunakan Q_WB_max.
A67: 60 | B67: F. BAFFLE INLET REVISI | C67: Susunan slot | D67: Slot_layout | E67: 5 kolom x 2 baris | F67: - | G67: INPUT | H67: Distribusi slot melebar pada plate 60 cm.
A68: 61 | B68: F. BAFFLE INLET REVISI | C68: Tinggi inlet baffle dari dasar | D68: H_baffle_inlet | E68: 75 | F68: cm | G68: INPUT | H68: Top baffle 10 cm di atas water level.
A69: 62 | B69: F. BAFFLE INLET REVISI | C69: Tinggi top baffle di atas water level | D69: H_top_above_WL | E69: =E68-(E27*100) -> 10 | F69: cm | G69: CALC | H69: Harus sekitar 10 cm.
B70: G. BAFFLE OUTLET | C70: MODEL OUTLET SCUM BAFFLE | G70: SECTION | H70: Scum baffle menahan scum/flok terapung.
A71: 63 | B71: G. BAFFLE OUTLET | C71: Tinggi air operasi | D71: H_air_cm | E71: =E27*100 -> 65 | F71: cm | G71: CALC | H71: Konversi meter ke cm.
A72: 64 | B72: G. BAFFLE OUTLET | C72: Kedalaman scum baffle dari water level | D72: H_scum_submerged | E72: 30 | F72: cm | G72: INPUT | H72: Default artikel.
A73: 65 | B73: G. BAFFLE OUTLET | C73: Clearance bawah scum baffle ke dasar | D73: Clearance_scum_baffle | E73: =E71-E72 -> 35 | F73: cm | G73: CALC | H73: Clearance = 65 - 30 = 35 cm.
A74: 66 | B74: G. BAFFLE OUTLET | C74: Jarak scum baffle ke weir | D74: Gap_scum_baffle_weir | E74: =E46 -> 15 | F74: cm | G74: CALC | H74: Default 15 cm.
B75: H. SLOPE DASAR | C75: MODEL KEMIRINGAN DASAR BASIN | G75: SECTION | H75: Slope mengarahkan SB menuju drain.
A76: 67 | B76: H. SLOPE DASAR | C76: Slope dasar minimum | D76: Slope_low | E76: 0.02 | F76: fraksi | G76: INPUT | H76: Setara 2%.
A77: 68 | B77: H. SLOPE DASAR | C77: Slope dasar maksimum | D77: Slope_high | E77: 0.03 | F77: fraksi | G77: INPUT | H77: Setara 3%.
A78: 69 | B78: H. SLOPE DASAR | C78: Beda tinggi dasar pada slope 2% | D78: Delta_h_low | E78: =E76*E25*100 -> 3.5 | F78: cm | G78: CALC | H78: Jika slope sepanjang 175 cm.
A79: 70 | B79: H. SLOPE DASAR | C79: Beda tinggi dasar pada slope 3% | D79: Delta_h_high | E79: =E77*E25*100 -> 5.25 | F79: cm | G79: CALC | H79: Jika slope sepanjang 175 cm.
B80: I. MINERALISASI LB - BASIS | C80: BASIS DESAIN MINERALISASI LB MENJADI POC-B | G80: SECTION | H80: LB diasumsikan mendekati volume WB setelah pemisahan SB.
A81: 71 | B81: I. MINERALISASI LB - BASIS | C81: Rasio LB terhadap WB | D81: R_LB_to_WB | E81: 1 | F81: fraksi | G81: INPUT | H81: Default konservatif: LB = WB.
A82: 72 | B82: I. MINERALISASI LB - BASIS | C82: Debit LB desain normal | D82: Q_LB_design | E82: =E16*E81 -> 409.5 | F82: L/hari | G82: CALC | H82: Feed normal ke mineralisasi.
A83: 73 | B83: I. MINERALISASI LB - BASIS | C83: Debit LB high-floc sementara | D83: Q_LB_max | E83: =E17*E81 -> 819 | F83: L/hari | G83: CALC | H83: Feed maksimum sementara.
A84: 74 | B84: I. MINERALISASI LB - BASIS | C84: Debit LB desain normal | D84: Q_LB_design_m3d | E84: =E82/1000 -> 0.4095 | F84: m3/hari | G84: CALC | H84: Konversi L/hari ke m3/hari.
A85: 75 | B85: I. MINERALISASI LB - BASIS | C85: Debit LB high-floc sementara | D85: Q_LB_max_m3d | E85: =E83/1000 -> 0.819 | F85: m3/hari | G85: CALC | H85: Konversi L/hari ke m3/hari.
A86: 76 | B86: I. MINERALISASI LB - BASIS | C86: Rasio high-floc terhadap normal | D86: R_LB_high_normal | E86: =E83/E82 -> 2 | F86: - | G86: CALC | H86: Target sekitar 2 kali normal.
B87: J. BUFFER TANK | C87: DESAIN BUFFER LB | G87: SECTION | H87: Buffer menstabilkan debit dan kualitas LB sebelum CSTR.
A88: 77 | B88: J. BUFFER TANK | C88: Volume buffer | D88: V_buffer | E88: 500 | F88: L | G88: INPUT | H88: Rekomendasi artikel.
A89: 78 | B89: J. BUFFER TANK | C89: HRT buffer normal | D89: HRT_buffer_normal | E89: =E88/E82 -> 1.2210012 | F89: hari | G89: CALC | H89: Pada feed normal.
A90: 79 | B90: J. BUFFER TANK | C90: HRT buffer high-floc | D90: HRT_buffer_high | E90: =E88/E83 -> 0.61050061 | F90: hari | G90: CALC | H90: Pada feed high-floc.
A91: 80 | B91: J. BUFFER TANK | C91: HRT buffer high-floc | D91: HRT_buffer_high_h | E91: =E90*24 -> 14.652015 | F91: jam | G91: CALC | H91: Konversi hari ke jam.
A92: 81 | B92: J. BUFFER TANK | C92: Aerasi buffer | D92: Buffer_aeration | E92: ringan | F92: - | G92: INPUT | H92: Mencegah anaerob, tidak mengaduk sludge berlebihan.
A93: 82 | B93: J. BUFFER TANK | C93: Mixing buffer | D93: Buffer_mixing | E93: lambat / ringan | F93: - | G93: INPUT | H93: Cukup mencegah stagnasi.
A94: 83 | B94: J. BUFFER TANK | C94: Drain bawah buffer | D94: Buffer_drain | E94: ya | F94: - | G94: INPUT | H94: Disarankan untuk buang endapan.
B95: K. CSTR AEROB | C95: DESAIN CSTR AEROB | G95: SECTION | H95: CSTR adalah reaktor mineralisasi aerob utama.
A96: 84 | B96: K. CSTR AEROB | C96: Volume CSTR | D96: V_CSTR | E96: 1000 | F96: L | G96: INPUT | H96: Rekomendasi artikel.
A97: 85 | B97: K. CSTR AEROB | C97: HRT CSTR normal | D97: HRT_CSTR_normal | E97: =E96/E82 -> 2.4420024 | F97: hari | G97: CALC | H97: Pada feed normal.
A98: 86 | B98: K. CSTR AEROB | C98: HRT CSTR high-floc | D98: HRT_CSTR_high | E98: =E96/E83 -> 1.2210012 | F98: hari | G98: CALC | H98: Pada feed high-floc.
A99: 87 | B99: K. CSTR AEROB | C99: DO CSTR minimum | D99: DO_CSTR_min | E99: 2 | F99: mg/L | G99: INPUT | H99: Target operasi.
A100: 88 | B100: K. CSTR AEROB | C100: DO CSTR maksimum | D100: DO_CSTR_max | E100: 4 | F100: mg/L | G100: INPUT | H100: Target operasi.
...

Sheet Ringkasan
A1: Ringkasan Desain Mineralisasi LB → POC-B
A2: Item | B2: Nilai
A3: Feed LB normal | B3: =Model_Desain!E82 -> 409.5
A4: Feed LB high-floc | B4: =Model_Desain!E83 -> 819
A5: Buffer | B5: =Model_Desain!E88 -> 500
A6: CSTR | B6: =Model_Desain!E96 -> 1000
A7: MBBR | B7: =Model_Desain!E106 -> 750
A8: Media MBBR awal | B8: =Model_Desain!E111 -> 225
A9: Polishing | B9: =Model_Desain!E120 -> 250
A10: Storage POC-B minimum | B10: =Model_Desain!E129 -> 500
A11: Storage POC-B maksimum | B11: =Model_Desain!E130 -> 1000
A12: Total volume aktif | B12: =Model_Desain!E138 -> 2500
A13: HRT total normal | B13: =Model_Desain!E140 -> 6.1050061
A14: HRT total high-floc | B14: =Model_Desain!E141 -> 3.0525031
A15: DO CSTR min | B15: =Model_Desain!E99 -> 2
A16: DO CSTR max | B16: =Model_Desain!E100 -> 4
A17: DO MBBR min | B17: =Model_Desain!E113 -> 3
A18: DO MBBR max | B18: =Model_Desain!E114 -> 5
A20: Diffuser MBBR — airflow mixing reference | B20: =MBBR_Diffuser!E12 -> 26.25
A21: Diffuser MBBR — airflow kritis provisional | B21: =MBBR_Diffuser!E16 -> 26.25
A22: Diffuser MBBR — diameter lubang | B22: =MBBR_Diffuser!E22 -> 1
A23: Diffuser MBBR — ΔP orifice target | B23: =MBBR_Diffuser!E27 -> 0.5
A24: Diffuser MBBR — debit teoritis per lubang | B24: =MBBR_Diffuser!E30 -> 0.88422719
A25: Diffuser MBBR — reference grid | B25: 3 lateral × 10 lubang
A26: Diffuser MBBR — status | B26: =MBBR_Diffuser!E19 -> PROVISIONAL: BELUM ADA DATA OTR

Sheet Catatan
A1: Catatan Penggunaan Model
A2: 1. Ubah hanya baris dengan Tipe = INPUT pada sheet Model_Desain.
A3: 2. Bagian F sudah memakai revisi slot baffle: 10 slot @ 10 mm x 30 mm, A_open_total sekitar 0.0030 m2.
A4: 3. Bagian I sampai Q menambahkan desain mineralisasi LB menjadi POC-B: Buffer, CSTR, MBBR, Settling/Polishing, Storage.
A5: 4. Rumus HRT menggunakan satuan liter dan liter/hari sehingga hasil dalam hari; untuk sedimentation basin, HRT menggunakan liter dan liter/menit sehingga hasil dalam menit.
A6: 5. Model adalah desain awal dan harus divalidasi dengan pH, DO, bau, endapan, dan uji pengenceran tanaman.
A7: 6. Sheet MBBR_Diffuser berisi desain aerasi, orifice PVC Ø1,0 mm, reference configuration 3 lateral × 10 lubang, serta perhitungan blower dan wet test.
A8: 7. Sel berwarna kuning pada MBBR_Diffuser harus diisi dengan dimensi internal tangki, diameter dalam pipa, pressure loss perangkat, AOR, dan OTE aktual sebelum desain final.
A9: 8. Airflow 26,25 NL/min adalah reference mixing point; bukan spesifikasi blower final tanpa wet test carrier dan OTR.
A10: 9. Blower dipilih dari vendor curve pada debit dan tekanan kerja nyata, bukan dari free-air rating.

Sheet MBBR_Diffuser
A1: Desain Aerasi dan Diffuser MBBR — Reference Configuration & Wet Test
A2: Gunakan sel kuning sebagai INPUT. Konfigurasi 3 lateral × 10 lubang adalah reference wet test; jumlah lateral, ukuran pipa, blower, dan OTR final wajib dikunci dari dimensi tangki, wet test carrier, serta data LB aktual.
A4: No | B4: Section | C4: Parameter | D4: Symbol | E4: Nilai | F4: Satuan | G4: Tipe | H4: Keterangan | J4: Reference Grid A — 3 lateral × 10 lubang Ø1,0 mm (tidak berskala; wajib wet test)
B5: A. BASIS PROSES & CARRIER | C5: INPUT DAN BASIS PERHITUNGAN | G5: SECTION | H5: Nilai terkait MBBR terhubung ke sheet Model_Desain. | J5: Header udara dengan valve balancing pada masing-masing lateral. Lubang mengarah ke bawah / sedikit menyamping.
A6: 1 | B6: A. BASIS PROSES & CARRIER | C6: Volume MBBR | D6: V_MBBR | E6: =Model_Desain!E106 -> 750 | F6: L | G6: CALC | H6: Terhubung ke Model_Desain.
A7: 2 | B7: A. BASIS PROSES & CARRIER | C7: Media fill awal | D7: F_media_start | E7: =Model_Desain!E109 -> 0.3 | F7: fraksi | G7: CALC | H7: Terhubung ke Model_Desain. | K7: HEADER UDARA
A8: 3 | B8: A. BASIS PROSES & CARRIER | C8: Volume carrier awal | D8: V_carrier_start | E8: =Model_Desain!E111 -> 225 | F8: L | G8: CALC | H8: Terhubung ke Model_Desain.
A9: 4 | B9: A. BASIS PROSES & CARRIER | C9: Target DO MBBR minimum | D9: DO_MBBR_min | E9: =Model_Desain!E113 -> 3 | F9: mg/L | G9: CALC | H9: Terhubung ke Model_Desain. | J9: Lateral 1 | K9: ● | L9: ● | M9: ● | N9: ● | O9: ● | P9: ● | Q9: ● | R9: ● | S9: ● | T9: ● | U9: Flush
A10: 5 | B10: A. BASIS PROSES & CARRIER | C10: Target DO MBBR maksimum | D10: DO_MBBR_max | E10: =Model_Desain!E114 -> 5 | F10: mg/L | G10: CALC | H10: Terhubung ke Model_Desain.
A11: 6 | B11: A. BASIS PROSES & CARRIER | C11: Koefisien awal mixing carrier | D11: C_MIX | E11: 35 | F11: NL/min/m3 | G11: INPUT | H11: Reference wet test; bukan kapasitas final.
A12: 7 | B12: A. BASIS PROSES & CARRIER | C12: Airflow reference untuk carrier mixing | D12: Q_air_mixing_ref | E12: =E6/1000*E11 -> 26.25 | F12: NL/min | G12: CALC | H12: V_MBBR × C_MIX. | J12: Lateral 2 | K12: ● | L12: ● | M12: ● | N12: ● | O12: ● | P12: ● | Q12: ● | R12: ● | S12: ● | T12: ● | U12: Flush
A13: 8 | B13: A. BASIS PROSES & CARRIER | C13: AOR residual MBBR pada beban puncak | D13: AOR_peak | E13: 0 | F13: kg O2/jam | G13: INPUT | H13: Isi setelah uji OUR/OTR atau data proses tervalidasi.
A14: 9 | B14: A. BASIS PROSES & CARRIER | C14: OTE aktual grid PVC dalam LB | D14: OTE_actual | E14: 0 | F14: fraksi | G14: INPUT | H14: Jangan memakai OTE membrane diffuser tanpa uji aktual.
A15: 10 | B15: A. BASIS PROSES & CARRIER | C15: Airflow minimum berdasarkan OTR residual | D15: Q_air_OTR | E15: =IF(E13*E14>0,E13/(60*1.204*0.232*E14)*1000,0) -> 0 | F15: NL/min | G15: CALC | H15: 0 bila AOR atau OTE belum diisi. | J15: Lateral 3 | K15: ● | L15: ● | M15: ● | N15: ● | O15: ● | P15: ● | Q15: ● | R15: ● | S15: ● | T15: ● | U15: Flush
A16: 11 | B16: A. BASIS PROSES & CARRIER | C16: Airflow kritis provisional | D16: Q_air_critical | E16: =MAX(E12,E15) -> 26.25 | F16: NL/min | G16: CALC | H16: max(mixing reference, OTR residual).
A17: 12 | B17: A. BASIS PROSES & CARRIER | C17: Faktor availability / fouling | D17: F_availability | E17: 1 | F17: fraksi | G17: INPUT | H17: Default 1,00; tetapkan dari hasil wet test dan filosofi reliability. | J17: Bila Q_air_critical melebihi reference mixing point, evaluasi Config B (4 lateral × 9 lubang) atau redesign layout; jangan sekadar menaikkan pressure tanpa mengecek carrier movement dan OTR.
A18: 13 | B18: A. BASIS PROSES & CARRIER | C18: Airflow terpasang yang diperlukan | D18: Q_air_installed | E18: =E16*E17 -> 26.25 | F18: NL/min | G18: CALC | H18: Basis pemilihan blower setelah semua input divalidasi.
A19: 14 | B19: A. BASIS PROSES & CARRIER | C19: Status desain airflow | D19: Airflow_status | E19: =IF(E13*E14>0,"VERIFIKASI OTR + WET TEST","PROVISIONAL: BELUM ADA DATA OTR") -> PROVISIONAL: BELUM ADA DATA OTR | F19: - | G19: OUTPUT | H19: Harus tetap provisional hingga OTR dan wet test selesai.
B21: B. ORIFICE DIFFUSER PVC | C21: BASIS MEKANIK DIFFUSER | G21: SECTION | H21: Diameter lubang dan target ΔP awal.
A22: 15 | B22: B. ORIFICE DIFFUSER PVC | C22: Diameter lubang diffuser | D22: d_hole | E22: 1 | F22: mm | G22: INPUT | H22: Basis awal fabrikasi grid PVC.
A23: 16 | B23: B. ORIFICE DIFFUSER PVC | C23: Diameter lubang diffuser | D23: d_hole_m | E23: =E22/1000 -> 0.001 | F23: m | G23: CALC | H23: Konversi mm ke m.
A24: 17 | B24: B. ORIFICE DIFFUSER PVC | C24: Luas satu lubang | D24: A_hole | E24: =PI()*E23^2/4 -> 7.8539816e-07 | F24: m2 | G24: CALC | H24: A = πd²/4.
A25: 18 | B25: B. ORIFICE DIFFUSER PVC | C25: Koefisien discharge awal | D25: C_d_initial | E25: 0.65 | F25: - | G25: INPUT | H25: Wajib dikalibrasi terhadap lubang PVC aktual.
A26: 19 | B26: B. ORIFICE DIFFUSER PVC | C26: Densitas udara referensi | D26: rho_air | E26: 1.2 | F26: kg/m3 | G26: INPUT | H26: Reference simplifikasi untuk pemeriksaan awal.
A27: 20 | B27: B. ORIFICE DIFFUSER PVC | C27: Target pressure drop orifice | D27: dP_orifice_target | E27: 0.5 | F27: kPa | G27: INPUT | H27: Target awal untuk pemerataan distribusi udara.
A28: 21 | B28: B. ORIFICE DIFFUSER PVC | C28: Target pressure drop orifice | D28: dP_orifice_target_Pa | E28: =E27*1000 -> 500 | F28: Pa | G28: CALC | H28: Konversi kPa ke Pa.
A29: 22 | B29: B. ORIFICE DIFFUSER PVC | C29: Target pressure drop orifice | D29: dP_orifice_target_mmH2O | E29: =E28/9.80665 -> 50.985811 | F29: mmH2O | G29: CALC | H29: 1 mmH2O = 9,80665 Pa.
A30: 23 | B30: B. ORIFICE DIFFUSER PVC | C30: Debit teoritis per lubang | D30: q_hole_ref | E30: =E25*E24*SQRT(2*E28/E26)*60000 -> 0.88422719 | F30: L/min | G30: CALC | H30: q = Cd × A × √(2ΔP/ρ) × 60000.
A31: 24 | B31: B. ORIFICE DIFFUSER PVC | C31: Jumlah lubang minimum @ Q kritis | D31: N_hole_required | E31: =ROUNDUP(E16/E30,0) -> 30 | F31: lubang | G31: CALC | H31: Dibulatkan ke atas.
A32: 25 | B32: B. ORIFICE DIFFUSER PVC | C32: Jumlah lubang dipilih | D32: N_hole_selected | E32: 30 | F32: lubang | G32: INPUT | H32: Reference configuration 3 lateral × 10 lubang.
A33: 26 | B33: B. ORIFICE DIFFUSER PVC | C33: Debit aktual rata-rata per lubang | D33: q_hole_selected | E33: =E16/E32 -> 0.875 | F33: L/min | G33: CALC | H33: Q kritis / jumlah lubang dipilih.
A34: 27 | B34: B. ORIFICE DIFFUSER PVC | C34: Pressure drop aktual pada lubang | D34: dP_orifice_actual_Pa | E34: =E28*(E33/E30)^2 -> 489.61913 | F34: Pa | G34: CALC | H34: ΔP berbanding q².
A35: 28 | B35: B. ORIFICE DIFFUSER PVC | C35: Pressure drop aktual pada lubang | D35: dP_orifice_actual | E35: =E34/1000 -> 0.48961913 | F35: kPa | G35: CALC | H35: Konversi Pa ke kPa.
A36: 29 | B36: B. ORIFICE DIFFUSER PVC | C36: Pressure drop aktual pada lubang | D36: dP_orifice_actual_mmH2O | E36: =E34/9.80665 -> 49.927257 | F36: mmH2O | G36: CALC | H36: Konversi Pa ke mmH2O.
A37: 30 | B37: B. ORIFICE DIFFUSER PVC | C37: Status jumlah lubang | D37: N_hole_status | E37: =IF(E32>=E31,"CUKUP UNTUK Q KRITIS","TAMBAH LUBANG / REDESIGN") -> CUKUP UNTUK Q KRITIS | F37: - | G37: OUTPUT | H37: Wajib cukup untuk airflow kritis.
B39: C. REFERENCE CONFIGURATION | C39: KONFIGURASI WET TEST — BUKAN FINAL | G39: SECTION | H39: Pilih berdasarkan hasil carrier movement, DO, dan OTR.
A40: 31 | B40: C. REFERENCE CONFIGURATION | C40: Config A — airflow | D40: Q_config_A | E40: =E12 -> 26.25 | F40: NL/min | G40: CALC | H40: Reference mixing point.
A41: 32 | B41: C. REFERENCE CONFIGURATION | C41: Config A — jumlah lateral | D41: N_lateral_A | E41: 3 | F41: lateral | G41: INPUT | H41: Reference: 3 lateral.
A42: 33 | B42: C. REFERENCE CONFIGURATION | C42: Config A — lubang per lateral | D42: N_hole_lateral_A | E42: 10 | F42: lubang/lateral | G42: INPUT | H42: Reference: 10 lubang per lateral.
A43: 34 | B43: C. REFERENCE CONFIGURATION | C43: Config A — jumlah lubang total | D43: N_hole_A | E43: =E41*E42 -> 30 | F43: lubang | G43: CALC | H43: N lateral × lubang/lateral.
A44: 35 | B44: C. REFERENCE CONFIGURATION | C44: Config A — debit per lubang | D44: q_hole_A | E44: =E40/E43 -> 0.875 | F44: L/min | G44: CALC | H44: Q config A / total lubang.
A45: 36 | B45: C. REFERENCE CONFIGURATION | C45: Config A — ΔP orifice aktual | D45: dP_A | E45: =E28*(E44/E30)^2/1000 -> 0.48961913 | F45: kPa | G45: CALC | H45: Target wet test sekitar 0,5 kPa.
A46: 37 | B46: C. REFERENCE CONFIGURATION | C46: Config B — airflow | D46: Q_config_B | E46: =E12*1.2 -> 31.5 | F46: NL/min | G46: CALC | H46: Upper wet test point = 120% reference.
A47: 38 | B47: C. REFERENCE CONFIGURATION | C47: Config B — jumlah lateral | D47: N_lateral_B | E47: 4 | F47: lateral | G47: INPUT | H47: Reference: 4 lateral.
A48: 39 | B48: C. REFERENCE CONFIGURATION | C48: Config B — lubang per lateral | D48: N_hole_lateral_B | E48: 9 | F48: lubang/lateral | G48: INPUT | H48: Reference: 9 lubang per lateral.
A49: 40 | B49: C. REFERENCE CONFIGURATION | C49: Config B — jumlah lubang total | D49: N_hole_B | E49: =E47*E48 -> 36 | F49: lubang | G49: CALC | H49: N lateral × lubang/lateral.
A50: 41 | B50: C. REFERENCE CONFIGURATION | C50: Config B — debit per lubang | D50: q_hole_B | E50: =E46/E49 -> 0.875 | F50: L/min | G50: CALC | H50: Q config B / total lubang.
A51: 42 | B51: C. REFERENCE CONFIGURATION | C51: Config B — ΔP orifice aktual | D51: dP_B | E51: =E28*(E50/E30)^2/1000 -> 0.48961913 | F51: kPa | G51: CALC | H51: Target wet test sekitar 0,5 kPa.
A52: 43 | B52: C. REFERENCE CONFIGURATION | C52: Rekomendasi reference wet test | D52: Grid_reference_status | E52: =IF(E16<=E40,"CONFIG A: 3 LATERAL × 10 LUBANG",IF(E16<=E46,"CONFIG B: 4 LATERAL × 9 LUBANG","RE-DESIGN GRID")) -> CONFIG A: 3 LATERAL × 10 LUBANG | F52: - | G52: OUTPUT | H52: Konfigurasi final harus mengikuti Q_air_critical dan wet test.
B54: D. DIMENSI TANGKI & LAYOUT | C54: INPUT GEOMETRI UNTUK FINALISASI GRID | G54: SECTION | H54: Isi panjang/lebar internal untuk menghitung pitch dan submergence.
A55: 44 | B55: D. DIMENSI TANGKI & LAYOUT | C55: Panjang internal MBBR | D55: L_tank_internal | E55: 0 | F55: m | G55: INPUT | H55: Wajib diisi dari drawing tangki.
A56: 45 | B56: D. DIMENSI TANGKI & LAYOUT | C56: Lebar internal MBBR | D56: W_tank_internal | E56: 0 | F56: m | G56: INPUT | H56: Wajib diisi dari drawing tangki.
A57: 46 | B57: D. DIMENSI TANGKI & LAYOUT | C57: Kedalaman air hasil volume geometri | D57: H_water_calc | E57: =IF(E55*E56>0,E6/1000/(E55*E56),0) -> 0 | F57: m | G57: CALC | H57: H = V/(L×W); gunakan untuk cek saja.
A58: 47 | B58: D. DIMENSI TANGKI & LAYOUT | C58: Jumlah lateral dipilih | D58: N_lateral_selected | E58: 3 | F58: lateral | G58: INPUT | H58: Pilih setelah wet test carrier.
A59: 48 | B59: D. DIMENSI TANGKI & LAYOUT | C59: Jumlah lubang per lateral dipilih | D59: N_hole_lateral_selected | E59: =IF(MOD(E32,E58)=0,E32/E58,0) -> 10 | F59: lubang/lateral | G59: CALC | H59: Harus bilangan bulat.
A60: 49 | B60: D. DIMENSI TANGKI & LAYOUT | C60: Pitch lateral antar-sumbu | D60: Pitch_lateral | E60: =IF(AND(E56>0,E58>1),E56/(E58-1),0) -> 0 | F60: m | G60: CALC | H60: W/(N lateral − 1).
A61: 50 | B61: D. DIMENSI TANGKI & LAYOUT | C61: Pitch lubang sepanjang lateral | D61: Pitch_hole | E61: =IF(AND(E55>0,E59>0),E55/(E59+1),0) -> 0 | F61: m | G61: CALC | H61: L/(N lubang/lateral + 1).
A62: 51 | B62: D. DIMENSI TANGKI & LAYOUT | C62: Elevasi lateral dari dasar | D62: H_lateral_above_floor | E62: 0.05 | F62: m | G62: INPUT | H62: Reference 50 mm; pastikan tidak menghalangi drain.
A63: 52 | B63: D. DIMENSI TANGKI & LAYOUT | C63: Kedalaman submergence diffuser | D63: H_submergence | E63: =IF(E57>E62,E57-E62,0) -> 0 | F63: m | G63: CALC | H63: H air − elevasi lateral.
A64: 53 | B64: D. DIMENSI TANGKI & LAYOUT | C64: Arah lubang | D64: Hole_direction | E64: ke bawah / sedikit menyamping | F64: - | G64: INPUT | H64: Mengurangi risiko penutupan lubang oleh endapan atau carrier.
A65: 54 | B65: D. DIMENSI TANGKI & LAYOUT | C65: Status geometri | D65: Geometry_status | E65: =IF(AND(E55>0,E56>0,E63>0,E59>0),"GEOMETRI SIAP","ISI L & W INTERNAL TANGKI") -> ISI L & W INTERNAL TANGKI | F65: - | G65: OUTPUT | H65: Final diffuser harus menunggu L dan W internal.
B67: E. PRESSURE DROP HEADER & LATERAL | C67: INPUT UNTUK VERIFIKASI DISTRIBUSI UDARA | G67: SECTION | H67: Gunakan diameter dalam aktual, bukan ukuran nominal pipa.
A68: 55 | B68: E. PRESSURE DROP HEADER & LATERAL | C68: Diameter dalam header | D68: D_header_ID | E68: 0 | F68: m | G68: INPUT | H68: Isi dari data pipa aktual.
A69: 56 | B69: E. PRESSURE DROP HEADER & LATERAL | C69: Panjang header | D69: L_header | E69: 0 | F69: m | G69: INPUT | H69: Isi dari drawing.
A70: 57 | B70: E. PRESSURE DROP HEADER & LATERAL | C70: Minor loss header | D70: K_header | E70: 0 | F70: - | G70: INPUT | H70: Total K dari tee, elbow, valve, reducer.
A71: 58 | B71: E. PRESSURE DROP HEADER & LATERAL | C71: Diameter dalam lateral | D71: D_lateral_ID | E71: 0 | F71: m | G71: INPUT | H71: Isi dari data pipa aktual.
A72: 59 | B72: E. PRESSURE DROP HEADER & LATERAL | C72: Panjang lateral | D72: L_lateral | E72: 0 | F72: m | G72: INPUT | H72: Isi dari drawing.
A73: 60 | B73: E. PRESSURE DROP HEADER & LATERAL | C73: Minor loss lateral | D73: K_lateral | E73: 0 | F73: - | G73: INPUT | H73: Termasuk valve, cap, elbow, sambungan.
A74: 61 | B74: E. PRESSURE DROP HEADER & LATERAL | C74: Viskositas dinamik udara | D74: mu_air | E74: 1.81e-05 | F74: Pa·s | G74: INPUT | H74: Reference sekitar 20°C.
A75: 62 | B75: E. PRESSURE DROP HEADER & LATERAL | C75: Debit total untuk check pipa | D75: Q_total_pipe | E75: =E16/60000 -> 0.0004375 | F75: m3/s | G75: CALC | H75: Q_air_critical / 60000.
A76: 63 | B76: E. PRESSURE DROP HEADER & LATERAL | C76: Kecepatan udara header | D76: v_header | E76: =IF(E68>0,4*E75/(PI()*E68^2),0) -> 0 | F76: m/s | G76: CALC | H76: v = 4Q/(πD²).
A77: 64 | B77: E. PRESSURE DROP HEADER & LATERAL | C77: Reynolds header | D77: Re_header | E77: =IF(E76>0,E26*E76*E68/E74,0) -> 0 | F77: - | G77: CALC | H77: Re = ρvD/μ.
A78: 65 | B78: E. PRESSURE DROP HEADER & LATERAL | C78: Friction factor header | D78: f_header | E78: =IF(E77>0,0.3164/E77^0.25,0) -> 0 | F78: - | G78: CALC | H78: Blasius initial check.
A79: 66 | B79: E. PRESSURE DROP HEADER & LATERAL | C79: Pressure loss header | D79: dP_header | E79: =IF(E78>0,(E78*E69/E68+E70)*E26*E76^2/2,0) -> 0 | F79: Pa | G79: CALC | H79: Darcy–Weisbach + minor loss.
A80: 67 | B80: E. PRESSURE DROP HEADER & LATERAL | C80: Debit per lateral | D80: Q_lateral_pipe | E80: =E16/E58/60000 -> 0.00014583333 | F80: m3/s | G80: CALC | H80: Q critical / jumlah lateral dipilih.
A81: 68 | B81: E. PRESSURE DROP HEADER & LATERAL | C81: Kecepatan udara lateral | D81: v_lateral | E81: =IF(E71>0,4*E80/(PI()*E71^2),0) -> 0 | F81: m/s | G81: CALC | H81: Conservative: debit penuh pada inlet lateral.
A82: 69 | B82: E. PRESSURE DROP HEADER & LATERAL | C82: Reynolds lateral | D82: Re_lateral | E82: =IF(E81>0,E26*E81*E71/E74,0) -> 0 | F82: - | G82: CALC | H82: Re = ρvD/μ.
A83: 70 | B83: E. PRESSURE DROP HEADER & LATERAL | C83: Friction factor lateral | D83: f_lateral | E83: =IF(E82>0,0.3164/E82^0.25,0) -> 0 | F83: - | G83: CALC | H83: Blasius initial check.
A84: 71 | B84: E. PRESSURE DROP HEADER & LATERAL | C84: Pressure loss lateral | D84: dP_lateral | E84: =IF(E83>0,(E83*E72/E71+E73)*E26*E81^2/2,0) -> 0 | F84: Pa | G84: CALC | H84: Darcy–Weisbach + minor loss.
A85: 72 | B85: E. PRESSURE DROP HEADER & LATERAL | C85: Total pressure loss line | D85: dP_line_total | E85: =E79+E84 -> 0 | F85: Pa | G85: CALC | H85: Header + lateral.
A86: 73 | B86: E. PRESSURE DROP HEADER & LATERAL | C86: Maximum line loss yang diizinkan | D86: dP_line_max | E86: =E28*0.1 -> 50 | F86: Pa | G86: CALC | H86: 10% dari ΔP orifice target.
A87: 74 | B87: E. PRESSURE DROP HEADER & LATERAL | C87: Status pemerataan distribusi | D87: Line_loss_status | E87: =IF(OR(E68<=0,E69<=0,E71<=0,E72<=0),"ISI DIMENSI PIPA",IF(E85<=E86,"PASS: ΔP LINE OK","UPSIZING HEADER/LATERAL")) -> ISI DIMENSI PIPA | F87: - | G87: OUTPUT | H87: Line loss harus jauh lebih kecil dari ΔP orifice.
B89: F. BASIS PEMILIHAN BLOWER | C89: FLOW PADA TEKANAN KERJA | G89: SECTION | H89: Pilih dari curve vendor, bukan dari free-air rating saja.
A90: 75 | B90: F. BASIS PEMILIHAN BLOWER | C90: Kedalaman submergence diffuser | D90: H_sub_for_blower | E90: =E63 -> 0 | F90: m | G90: CALC | H90: Terhubung ke geometri tangki.
A91: 76 | B91: F. BASIS PEMILIHAN BLOWER | C91: Static head diffuser | D91: P_static | E91: =E90*9.80665 -> 0 | F91: kPa(g) | G91: CALC | H91: P = 9,80665 × h_sub.
A92: 77 | B92: F. BASIS PEMILIHAN BLOWER | C92: Pressure loss device | D92: dP_device | E92: 0 | F92: kPa | G92: INPUT | H92: Rotameter, check valve, valve, fitting.
A93: 78 | B93: F. BASIS PEMILIHAN BLOWER | C93: Allowance fouling | D93: dP_fouling | E93: 0 | F93: kPa | G93: INPUT | H93: Tetapkan dari hasil operasi dan filosofi reliability.
A94: 79 | B94: F. BASIS PEMILIHAN BLOWER | C94: Pressure loss line | D94: dP_line_kPa | E94: =E85/1000 -> 0 | F94: kPa | G94: CALC | H94: Dari header + lateral.
A95: 80 | B95: F. BASIS PEMILIHAN BLOWER | C95: Total pressure blower minimum | D95: P_blower_g | E95: =IF(E90>0,E91+E27+E94+E92+E93,0) -> 0 | F95: kPa(g) | G95: CALC | H95: Static + orifice + line + device + fouling.
A96: 81 | B96: F. BASIS PEMILIHAN BLOWER | C96: Debit blower minimum | D96: Q_blower | E96: =E18 -> 26.25 | F96: NL/min | G96: CALC | H96: Q_air_installed.
A97: 82 | B97: F. BASIS PEMILIHAN BLOWER | C97: Status procurement blower | D97: Blower_status | E97: =IF(AND(E95>0,E96>0),"PILIH BLOWER: Q ≥ Q_BLOWER PADA P_BLOWER","INPUT GEOMETRI / PIPING DULU") -> INPUT GEOMETRI / PIPING DULU | F97: - | G97: OUTPUT | H97: Curve vendor wajib menunjukkan flow pada pressure ini.
A100: G. WET TEST DIFFUSER MBBR — isi hasil ukur aktual
A101: Test | B101: % Qmix | C101: Target Q NL/min | D101: Actual Q NL/min | E101: Header kPa | F101: Lateral aktif | G101: Carrier dasar / dead zone | H101: Carrier di screen | I101: DO tengah mg/L | J101: Foam | K101: Keputusan
A102: Uji 1 | B102: 0.6 | C102: =$E$12*B102 -> 15.75
A103: Uji 2 | B103: 0.8 | C103: =$E$12*B103 -> 21
A104: Uji 3 | B104: 1 | C104: =$E$12*B104 -> 26.25
A105: Uji 4 | B105: 1.2 | C105: =$E$12*B105 -> 31.5
A108: H. KRITERIA PENERIMAAN FINAL MBBR DIFFUSER
A109: Area | B109: Kriteria penerimaan | C109: Catatan
A110: Distribusi udara | B110: Seluruh lateral aktif dan relatif seragam | C110: Verifikasi visual + pressure header.
...
