Workbook

Sheet Design_Calculator
B1: MODEL DIFFUSER & VOID FRACTION
A3: INPUT DESIGN DIFFUSER
A4: No | B4: Parameter | E4: Satuan
A5: 1 | B5: ID riser, D | C5: 0.0374 | D5: 0.0554 | E5: m
A6: 2 | B6: Kedalaman injeksi, Hs | C6: 0.6 | D6: 0.6 | E6: m
A7: 3 | B7: Panjang jalur campuran, L | C7: 1 | D7: 1 | E7: m
A8: 4 | B8: Diameter bore, dh | C8: 0.001 | D8: 0.001 | E8: m
A9: 5 | B9: Tebal PVC, t | C9: 0.002 | D9: 0.002 | E9: m
A10: 6 | B10: Koefisien discharge, Cd | C10: 0.75 | D10: 0.75 | E10: -
A11: 7 | B11: Surface tension, σ | C11: 0.072 | D11: 0.072 | E11: N/m
A12: 8 | B12: cos θ (basis ideal) | C12: 1 | D12: 1 | E12: -
A13: 9 | B13: Densitas udara lokal, ρg | C13: 1.27 | D13: 1.27 | E13: kg/m³
A14: 10 | B14: Densitas air, ρl | C14: 997 | D14: 997 | E14: kg/m³
A15: 11 | B15: Viskositas air, μl | C15: 0.00089 | D15: 0.00089 | E15: Pa·s
A16: 12 | B16: ΔP diffuser | C16: 60 | D16: 60 | E16: mmH₂O
A17: 13 | B17: Jumlah bore, N | C17: 40 | D17: 40 | E17: bore
B18: HASIL DESAIN TERPILIH
B19: Parameter | C19: Hasil
A20: =A17+1 -> 14 | B20: Luas riser, Ar | C20: =PI()*C5^2/4 -> 0.0010985835 | D20: =PI()*D5^2/4 -> 0.0024105126
A21: =A20+1 -> 15 | B21: ΔP capillary | C21: =4*C11*C12/C8/9.80665 -> 29.367827 | D21: =4*D11*D12/D8/9.80665 -> 29.367827
A22: =A21+1 -> 16 | B22: ΔP aliran bore | C22: =C16-C21 -> 30.632173 | D22: =D16-D21 -> 30.632173
A23: =A22+1 -> 17 | B23: Luas satu bore, Ah | C23: =PI()*C8^2/4 -> 7.8539816e-07 | D23: =PI()*D8^2/4 -> 7.8539816e-07
A24: =A23+1 -> 18 | B24: Flow tiap bore (lokal) | C24: =C10*C23*SQRT(2*C22*9.80665/C13)*60000 -> 0.76871397 | D24: =D10*D23*SQRT(2*D22*9.80665/D13)*60000 -> 0.76871397
A25: =A24+1 -> 19 | B25: Flow udara total (lokal) | C25: =C17*C24 -> 30.748559 | D25: =D17*D24 -> 30.748559
A26: =A25+1 -> 20 | B26: Jg (diagnostik, bukan dasar regime) | C26: =C25/60000/C20 -> 0.46648795 | D26: =D25/60000/D20 -> 0.21260041
A27: =A26+1 -> 21 | B27: Jl hasil model | C27: =INDEX(Alpha_Regime_Table!$D$2:$D$101,MATCH(C17,Alpha_Regime_Table!$A$2:$A$101,0)) -> 0.23520597 | D27: =INDEX(Alpha_Regime_Table!$D$2:$D$101,MATCH(D17,Alpha_Regime_Table!$A$2:$A$101,0)) -> 0.23520597
A28: =A27+1 -> 22 | B28: Qw hasil model | C28: =INDEX(Alpha_Regime_Table!$E$2:$E$101,MATCH(C17,Alpha_Regime_Table!$A$2:$A$101,0)) -> 15.503604 | D28: =INDEX(Alpha_Regime_Table!$E$2:$E$101,MATCH(D17,Alpha_Regime_Table!$A$2:$A$101,0)) -> 15.503604
A29: =A28+1 -> 23 | B29: Slip ratio, s | C29: =INDEX(Alpha_Regime_Table!$F$2:$F$101,MATCH(C17,Alpha_Regime_Table!$A$2:$A$101,0)) -> 2.4978523 | D29: =INDEX(Alpha_Regime_Table!$F$2:$F$101,MATCH(D17,Alpha_Regime_Table!$A$2:$A$101,0)) -> 2.4978523
A30: =A29+1 -> 24 | B30: Void fraction, α | C30: =INDEX(Alpha_Regime_Table!$G$2:$G$101,MATCH(C17,Alpha_Regime_Table!$A$2:$A$101,0)) -> 0.44258915 | D30: =INDEX(Alpha_Regime_Table!$G$2:$G$101,MATCH(D17,Alpha_Regime_Table!$A$2:$A$101,0)) -> 0.44258915
A31: =A30+1 -> 25 | B31: Rezim berdasarkan α | C31: =INDEX(Alpha_Regime_Table!$H$2:$H$101,MATCH(C17,Alpha_Regime_Table!$A$2:$A$101,0)) -> Slug / intermittent | D31: =INDEX(Alpha_Regime_Table!$H$2:$H$101,MATCH(D17,Alpha_Regime_Table!$A$2:$A$101,0)) -> Slug / intermittent

Sheet Alpha_Regime_Table
A1: TABEL MODEL α vs REZIM ALIRAN — RIser ID 37.4 mm / Bore 1 mm / t 2 mm / ΔP diffuser 60 mmH₂O
A3: N bore | B3: Qg lokal (L/min) | C3: Jg (m/s) | D3: Jl hasil model (m/s) | E3: Qw hasil model (L/min) | F3: Slip ratio s | G3: Void fraction α | H3: Rezim berdasarkan α
A4: 1 | B4: 0.76871397 | C4: 0.011662199 | H4: No physical root
A5: 2 | B5: 1.5374279 | C5: 0.023324397 | H5: No physical root
A6: 3 | B6: 2.3061419 | C6: 0.034986596 | H6: No physical root
A7: 4 | B7: 3.0748559 | C7: 0.046648795 | H7: No physical root
A8: 5 | B8: 3.8435699 | C8: 0.058310994 | H8: No physical root
A9: 6 | B9: 4.6122838 | C9: 0.069973192 | H9: No physical root
A10: 7 | B10: 5.3809978 | C10: 0.081635391 | H10: No physical root
A11: 8 | B11: 6.1497118 | C11: 0.09329759 | H11: No physical root
A12: 9 | B12: 6.9184257 | C12: 0.10495979 | H12: No physical root
A13: 10 | B13: 7.6871397 | C13: 0.11662199 | H13: No physical root
A14: 11 | B14: 8.4558537 | C14: 0.12828419 | H14: No physical root
A15: 12 | B15: 9.2245676 | C15: 0.13994638 | H15: No physical root
... A17: 14 | B17: 10.761996 | C17: 0.16327078 | H17: No physical root
A18: 15 | B18: 11.53071 | C18: 0.17493298 | D18: 0.011933741 | E18: 0.78661269 | F18: 21.893562 | G18: 0.4010338 | H18: Slug / intermittent
A19: 16 | B19: 12.299424 | C19: 0.18659518 | D19: 0.023571744 | E19: 1.5537318 | F19: 11.775545 | G19: 0.40200155 | H19: Slug / intermittent
A20: 17 | B20: 13.068137 | C20: 0.19825738 | D20: 0.03501803 | E20: 2.3082138 | F20: 8.3853412 | G20: 0.40304776 | H20: Slug / intermittent
A21: 18 | B21: 13.836851 | C21: 0.20991958 | D21: 0.04625221 | E21: 3.048715 | F21: 6.6905253 | G21: 0.40418027 | H21: Slug / intermittent
A22: 19 | B22: 14.605565 | C22: 0.22158178 | D22: 0.057263287 | E22: 3.7745103 | F22: 5.6754917 | G22: 0.40539746 | H22: Slug / intermittent
A23: 20 | B23: 15.374279 | C23: 0.23324397 | D23: 0.068044061 | E23: 4.4851251 | F23: 5.0006816 | G23: 0.4066951 | H23: Slug / intermittent
A24: 21 | B24: 16.142993 | C24: 0.24490617 | D24: 0.078589634 | E24: 5.1802367 | F24: 4.5203647 | G24: 0.40806815 | H24: Slug / intermittent
A25: 22 | B25: 16.911707 | C25: 0.25656837 | D25: 0.088896811 | E25: 5.8596344 | F25: 4.1616213 | G25: 0.40951135 | H25: Slug / intermittent
A26: 23 | B26: 17.680421 | C26: 0.26823057 | D26: 0.098963762 | E26: 6.5231976 | F26: 3.8839231 | G26: 0.41101947 | H26: Slug / intermittent
A27: 24 | B27: 18.449135 | C27: 0.27989277 | D27: 0.1087898 | E27: 7.1708812 | F27: 3.6629475 | G27: 0.41258746 | H27: Slug / intermittent
A28: 25 | B28: 19.217849 | C28: 0.29155497 | D28: 0.11837522 | E28: 7.8027044 | F28: 3.4832143 | G28: 0.41421045 | H28: Slug / intermittent
A29: 26 | B29: 19.986563 | C29: 0.30321717 | D29: 0.12772115 | E29: 8.4187413 | F29: 3.3344033 | G29: 0.41588384 | H29: Slug / intermittent
... A103: 100 | B103: 76.871397 | C103: 1.1662199 | D103: 0.40960182 | E103: 26.998909 | F103: 2.2869312 | G103: 0.55456349 | H103: Churn

Sheet Model_Notes
A1: CATATAN MODEL & RUJUKAN
A3: Item | B3: Isi | C3: Status | D3: Sumber / Catatan
A4: Scope | B4: Model hanya sampai diffuser → Qg → α → regime. Tidak memasukkan kurva blower, hose, check valve, atau loss outlet. | C4: Batas model
A5: ΔP capillary | B5: Young–Laplace ideal: 4σcosθ/d. Nilai aktual dipengaruhi wettability, burr, fouling, dan kondisi air. | C5: Asumsi desain | D5: https://doi.org/10.1016/S0920-5268(00)00069-0
A6: Flow bore | B6: Short-tube/orifice: q = Cd A sqrt(2ΔPflow/ρg), dengan Cd = 0.75 dan t/d = 2 sebagai input editable. | C6: Asumsi desain | D6: https://ntrs.nasa.gov/api/citations/19690028630/downloads/19690028630.pdf
A7: Model α | B7: Penyelesaian numerik persamaan airlift Bukhari/Kassab dengan slip Griffith–Wallis; friction factor smooth turbulent pipe (Blasius). | C7: Model prediktif | D7: https://atrium.lib.uoguelph.ca/server/api/core/bitstreams/1f0381c2-4fa6-4d2d-a888-4b142126010f/content
A8: Regime | B8: Slug–churn dipakai pada α = 0.52; interval α lain adalah klasifikasi desain kerja untuk tabulasi. | C8: Kriteria utama | D8: https://atrium.lib.uoguelph.ca/server/api/core/bitstreams/1f0381c2-4fa6-4d2d-a888-4b142126010f/content
A9: Penggunaan | B9: Ubah jumlah bore N pada Design_Calculator!B17. Hasil α dan regime ditarik dari tabel numerik N=1 sampai 100. | C9: Petunjuk
