Workbook

Sheet General_Model
A1: MODEL GENERAL DIFFUSER–AIRLIFT UNTUK SEMUA ID RISER
A3: No | B3: INPUT / PARAMETER | C3: PVC 1¼" | D3: PVC 2" | E3: PVC 2½" | F3: Satuan
A4: 1 | B4: ID riser, D | C4: 37.4 | D4: 55.4 | E4: 70.8 | F4: mm
A5: 2 | B5: Jumlah bore, N | C5: =ROUNDUP(40*(C4/37.4)^2.44,0) -> 40 | D5: =ROUNDUP($C5*(D4/$C$4)^2.44,0) -> 105 | E5: =ROUNDUP($C5*(E4/$C$4)^2.44,0) -> 190 | F5: bore
A6: 3 | B6: Kedalaman injeksi, Hs | C6: 0.6 | D6: 0.6 | E6: 0.6 | F6: m
A7: 4 | B7: Panjang jalur campuran, L | C7: 1 | D7: 1 | E7: 1 | F7: m
A8: 5 | B8: Diameter bore, dh | C8: 0.001 | D8: 0.001 | E8: 0.001 | F8: m
A9: 6 | B9: Tebal PVC, t | C9: 0.002 | D9: 0.002 | E9: 0.002 | F9: m
A10: 7 | B10: Koefisien discharge, Cd | C10: 0.75 | D10: 0.75 | E10: 0.75 | F10: -
A11: 8 | B11: Surface tension, σ | C11: 0.072 | D11: 0.072 | E11: 0.072 | F11: N/m
A12: 9 | B12: cos θ (basis ideal) | C12: 1 | D12: 1 | E12: 1 | F12: -
A13: 10 | B13: Densitas udara lokal, ρg | C13: 1.27 | D13: 1.27 | E13: 1.27 | F13: kg/m³
A14: 11 | B14: Densitas air, ρl | C14: 997 | D14: 997 | E14: 997 | F14: kg/m³
A15: 12 | B15: Viskositas air, μl | C15: 0.00089 | D15: 0.00089 | E15: 0.00089 | F15: Pa·s
A16: 13 | B16: ΔP diffuser | C16: 60 | D16: 60 | E16: 60 | F16: mmH₂O
A18: HASIL MODEL — SETIAP KOLOM MEMAKAI SOLVER SENDIRI
A19: No | B19: Parameter | C19: Hasil | D19: Hasil | E19: Hasil | F19: Satuan
A20: 14 | B20: Luas riser, Ar | C20: =PI()*(C4/1000)^2/4 -> 0.0010985835 | D20: =PI()*(D4/1000)^2/4 -> 0.0024105126 | E20: =PI()*(E4/1000)^2/4 -> 0.0039369182 | F20: m²
A21: 15 | B21: ΔP capillary | C21: =4*C11*C12/C8/9.80665 -> 29.367827 | D21: =4*D11*D12/D8/9.80665 -> 29.367827 | E21: =4*E11*E12/E8/9.80665 -> 29.367827 | F21: mmH₂O
A22: 16 | B22: ΔP aliran bore | C22: =C16-C21 -> 30.632173 | D22: =D16-D21 -> 30.632173 | E22: =E16-E21 -> 30.632173 | F22: mmH₂O
A23: 17 | B23: Luas satu bore, Ah | C23: =PI()*C8^2/4 -> 7.8539816e-07 | D23: =PI()*D8^2/4 -> 7.8539816e-07 | E23: =PI()*E8^2/4 -> 7.8539816e-07 | F23: m²
A24: 18 | B24: Flow tiap bore (lokal) | C24: =C10*C23*SQRT(2*C22*9.80665/C13)*60000 -> 0.76871397 | D24: =D10*D23*SQRT(2*D22*9.80665/D13)*60000 -> 0.76871397 | E24: =E10*E23*SQRT(2*E22*9.80665/E13)*60000 -> 0.76871397 | F24: L/min
A25: 19 | B25: Flow udara total (lokal) | C25: =C5*C24 -> 30.748559 | D25: =D5*D24 -> 80.714967 | E25: =E5*E24 -> 146.05565 | F25: L/min
A26: 20 | B26: Jg (diagnostik, bukan dasar regime) | C26: =C25/60000/C20 -> 0.46648795 | D26: =D25/60000/D20 -> 0.55807608 | E26: =E25/60000/E20 -> 0.61831635 | F26: m/s
A27: 21 | B27: Index akar Jl | C27: =IFERROR(MATCH(1,Solver_C!$C$3:$C$1001,0),"") -> 235 | D27: =IFERROR(MATCH(1,Solver_D!$C$3:$C$1001,0),"") -> 276 | E27: =IFERROR(MATCH(1,Solver_E!$C$3:$C$1001,0),"") -> 299 | F27: -
A28: 22 | B28: Jl hasil model | C28: =IFERROR(INDEX(Solver_C!$A$3:$A$1001,C27)-INDEX(Solver_C!$B$3:$B$1001,C27)*(INDEX(Solver_C!$A$4:$A$1002,C27)-INDEX(Solver_C!$A$3:$A$1001,C27))/(INDEX(Solver_C!$B$4:$B$1002,C27)-INDEX(Solver_C!$B$3:$B$1001,C27)),"") -> 0.23520607 | D28: =IFERROR(INDEX(Solver_D!$A$3:$A$1001,D27)-INDEX(Solver_D!$B$3:$B$1001,D27)*(INDEX(Solver_D!$A$4:$A$1002,D27)-INDEX(Solver_D!$A$3:$A$1001,D27))/(INDEX(Solver_D!$B$4:$B$1002,D27)-INDEX(Solver_D!$B$3:$B$1001,D27)),"") -> 0.27647867 | E28: =IFERROR(INDEX(Solver_E!$A$3:$A$1001,E27)-INDEX(Solver_E!$B$3:$B$1001,E27)*(INDEX(Solver_E!$A$4:$A$1002,E27)-INDEX(Solver_E!$A$3:$A$1001,E27))/(INDEX(Solver_E!$B$4:$B$1002,E27)-INDEX(Solver_E!$B$3:$B$1001,E27)),"") -> 0.29992035 | F28: m/s
A29: 23 | B29: Qw hasil model | C29: =IFERROR(C28*C20*60000,"") -> 15.503611 | D29: =IFERROR(D28*D20*60000,"") -> 39.98732 | E29: =IFERROR(E28*E20*60000,"") -> 70.845714 | F29: L/min
A30: 24 | B30: Slip ratio, s | C30: =IFERROR(1.2+0.2*(C26/C28)+0.35*SQRT(9.80665*(C4/1000))/C28,"") -> 2.4978517 | D30: =IFERROR(1.2+0.2*(D26/D28)+0.35*SQRT(9.80665*(D4/1000))/D28,"") -> 2.5367887 | E30: =IFERROR(1.2+0.2*(E26/E28)+0.35*SQRT(9.80665*(E4/1000))/E28,"") -> 2.5847072 | F30: -
A31: 25 | B31: Void fraction, α | C31: =IFERROR(C26/(C26+C30*C28),"") -> 0.4425891 | D31: =IFERROR(D26/(D26+D30*D28),"") -> 0.44311304 | E31: =IFERROR(E26/(E26+E30*E28),"") -> 0.44370743 | F31: -
A32: 26 | B32: Rezim berdasarkan α | C32: =IF(C31="","Di luar domain model",IF(C31<0.2,"Bubbly",IF(C31<0.3,"Bubbly–slug",IF(C31<0.52,"Slug / intermittent",IF(C31<0.7,"Churn","Churn tinggi"))))) -> Slug / intermittent | D32: =IF(D31="","Di luar domain model",IF(D31<0.2,"Bubbly",IF(D31<0.3,"Bubbly–slug",IF(D31<0.52,"Slug / intermittent",IF(D31<0.7,"Churn","Churn tinggi"))))) -> Slug / intermittent | E32: =IF(E31="","Di luar domain model",IF(E31<0.2,"Bubbly",IF(E31<0.3,"Bubbly–slug",IF(E31<0.52,"Slug / intermittent",IF(E31<0.7,"Churn","Churn tinggi"))))) -> Slug / intermittent
A34: Cara pakai: untuk setiap ukuran pipa, ubah ID riser dan jumlah bore pada kolomnya sendiri. Kolom C, D, dan E masing-masing menggunakan sheet Solver_C, Solver_D, dan Solver_E; sehingga nilai Jl, Qw, slip ratio, α, dan rezim tidak pernah disalin dari kolom lain.

Sheet Solver_C
A1: SOLVER NUMERIK Jl — PVC 1¼" / INPUT KOLOM C
A2: Kandidat Jl (m/s) | B2: Residual persamaan airlift | C2: Tanda perubahan akar
A3: 0.001 | B3: =(General_Model!$C$6/General_Model!$C$7)-1/(1+General_Model!$C$26/((1.2+0.2*(General_Model!$C$26/A3)+0.35*SQRT(9.80665*(General_Model!$C$4/1000))/A3)*A3))-(A3^2/(2*9.80665*General_Model!$C$7))*((4*(0.3164/((General_Model!$C$14*A3*(General_Model!$C$4/1000)/General_Model!$C$15)^0.25))*General_Model!$C$7/(General_Model!$C$4/1000)+1)+(4*(0.3164/((General_Model!$C$14*A3*(General_Model!$C$4/1000)/General_Model!$C$15)^0.25))*General_Model!$C$7/(General_Model!$C$4/1000)+2)*(General_Model!$C$26/A3)) -> 0.20315125 | C3: =IF(B3*B4<=0,1,0) -> 0
A4: 0.002 | B4: =(General_Model!$C$6/General_Model!$C$7)-1/(1+General_Model!$C$26/((1.2+0.2*(General_Model!$C$26/A4)+0.35*SQRT(9.80665*(General_Model!$C$4/1000))/A4)*A4))-(A4^2/(2*9.80665*General_Model!$C$7))*((4*(0.3164/((General_Model!$C$14*A4*(General_Model!$C$4/1000)/General_Model!$C$15)^0.25))*General_Model!$C$7/(General_Model!$C$4/1000)+1)+(4*(0.3164/((General_Model!$C$14*A4*(General_Model!$C$4/1000)/General_Model!$C$15)^0.25))*General_Model!$C$7/(General_Model!$C$4/1000)+2)*(General_Model!$C$26/A4)) -> 0.20195074 | C4: =IF(B4*B5<=0,1,0) -> 0
A5: 0.003 | B5: =(General_Model!$C$6/General_Model!$C$7)-1/(1+General_Model!$C$26/((1.2+0.2*(General_Model!$C$26/A5)+0.35*SQRT(9.80665*(General_Model!$C$4/1000))/A5)*A5))-(A5^2/(2*9.80665*General_Model!$C$7))*((4*(0.3164/((General_Model!$C$14*A5*(General_Model!$C$4/1000)/General_Model!$C$15)^0.25))*General_Model!$C$7/(General_Model!$C$4/1000)+1)+(4*(0.3164/((General_Model!$C$14*A5*(General_Model!$C$4/1000)/General_Model!$C$15)^0.25))*General_Model!$C$7/(General_Model!$C$4/1000)+2)*(General_Model!$C$26/A5)) -> 0.20077887 | C5: =IF(B5*B6<=0,1,0) -> 0
A6: 0.004 | B6: =(General_Model!$C$6/General_Model!$C$7)-1/(1+General_Model!$C$26/((1.2+0.2*(General_Model!$C$26/A6)+0.35*SQRT(9.80665*(General_Model!$C$4/1000))/A6)*A6))-(A6^2/(2*9.80665*General_Model!$C$7))*((4*(0.3164/((General_Model!$C$14*A6*(General_Model!$C$4/1000)/General_Model!$C$15)^0.25))*General_Model!$C$7/(General_Model!$C$4/1000)+1)+(4*(0.3164/((General_Model!$C$14*A6*(General_Model!$C$4/1000)/General_Model!$C$15)^0.25))*General_Model!$C$7/(General_Model!$C$4/1000)+2)*(General_Model!$C$26/A6)) -> 0.19962453 | C6: =IF(B6*B7<=0,1,0) -> 0
A7: 0.005 | B7: =(General_Model!$C$6/General_Model!$C$7)-1/(1+General_Model!$C$26/((1.2+0.2*(General_Model!$C$26/A7)+0.35*SQRT(9.80665*(General_Model!$C$4/1000))/A7)*A7))-(A7^2/(2*9.80665*General_Model!$C$7))*((4*(0.3164/((General_Model!$C$14*A7*(General_Model!$C$4/1000)/General_Model!$C$15)^0.25))*General_Model!$C$7/(General_Model!$C$4/1000)+1)+(4*(0.3164/((General_Model!$C$14*A7*(General_Model!$C$4/1000)/General_Model!$C$15)^0.25))*General_Model!$C$7/(General_Model!$C$4/1000)+2)*(General_Model!$C$26/A7)) -> 0.19848297 | C7: =IF(B7*B8<=0,1,0) -> 0
A8: 0.006 | B8: =(General_Model!$C$6/General_Model!$C$7)-1/(1+General_Model!$C$26/((1.2+0.2*(General_Model!$C$26/A8)+0.35*SQRT(9.80665*(General_Model!$C$4/1000))/A8)*A8))-(A8^2/(2*9.80665*General_Model!$C$7))*((4*(0.3164/((General_Model!$C$14*A8*(General_Model!$C$4/1000)/General_Model!$C$15)^0.25))*General_Model!$C$7/(General_Model!$C$4/1000)+1)+(4*(0.3164/((General_Model!$C$14*A8*(General_Model!$C$4/1000)/General_Model!$C$15)^0.25))*General_Model!$C$7/(General_Model!$C$4/1000)+2)*(General_Model!$C$26/A8)) -> 0.19735159 | C8: =IF(B8*B9<=0,1,0) -> 0
A9: 0.007 | B9: =(General_Model!$C$6/General_Model!$C$7)-1/(1+General_Model!$C$26/((1.2+0.2*(General_Model!$C$26/A9)+0.35*SQRT(9.80665*(General_Model!$C$4/1000))/A9)*A9))-(A9^2/(2*9.80665*General_Model!$C$7))*((4*(0.3164/((General_Model!$C$14*A9*(General_Model!$C$4/1000)/General_Model!$C$15)^0.25))*General_Model!$C$7/(General_Model!$C$4/1000)+1)+(4*(0.3164/((General_Model!$C$14*A9*(General_Model!$C$4/1000)/General_Model!$C$15)^0.25))*General_Model!$C$7/(General_Model!$C$4/1000)+2)*(General_Model!$C$26/A9)) -> 0.19622873 | C9: =IF(B9*B10<=0,1,0) -> 0
A10: 0.008 | B10: =(General_Model!$C$6/General_Model!$C$7)-1/(1+General_Model!$C$26/((1.2+0.2*(General_Model!$C$26/A10)+0.35*SQRT(9.80665*(General_Model!$C$4/1000))/A10)*A10))-(A10^2/(2*9.80665*General_Model!$C$7))*((4*(0.3164/((General_Model!$C$14*A10*(General_Model!$C$4/1000)/General_Model!$C$15)^0.25))*General_Model!$C$7/(General_Model!$C$4/1000)+1)+(4*(0.3164/((General_Model!$C$14*A10*(General_Model!$C$4/1000)/General_Model!$C$15)^0.25))*General_Model!$C$7/(General_Model!$C$4/1000)+2)*(General_Model!$C$26/A10)) -> 0.19511328 | C10: =IF(B10*B11<=0,1,0) -> 0
A11: 0.009 | B11: =(General_Model!$C$6/General_Model!$C$7)-1/(1+General_Model!$C$26/((1.2+0.2*(General_Model!$C$26/A11)+0.35*SQRT(9.80665*(General_Model!$C$4/1000))/A11)*A11))-(A11^2/(2*9.80665*General_Model!$C$7))*((4*(0.3164/((General_Model!$C$14*A11*(General_Model!$C$4/1000)/General_Model!$C$15)^0.25))*General_Model!$C$7/(General_Model!$C$4/1000)+1)+(4*(0.3164/((General_Model!$C$14*A11*(General_Model!$C$4/1000)/General_Model!$C$15)^0.25))*General_Model!$C$7/(General_Model!$C$4/1000)+2)*(General_Model!$C$26/A11)) -> 0.19400445 | C11: =IF(B11*B12<=0,1,0) -> 0
A12: 0.01 | B12: =(General_Model!$C$6/General_Model!$C$7)-1/(1+General_Model!$C$26/((1.2+0.2*(General_Model!$C$26/A12)+0.35*SQRT(9.80665*(General_Model!$C$4/1000))/A12)*A12))-(A12^2/(2*9.80665*General_Model!$C$7))*((4*(0.3164/((General_Model!$C$14*A12*(General_Model!$C$4/1000)/General_Model!$C$15)^0.25))*General_Model!$C$7/(General_Model!$C$4/1000)+1)+(4*(0.3164/((General_Model!$C$14*A12*(General_Model!$C$4/1000)/General_Model!$C$15)^0.25))*General_Model!$C$7/(General_Model!$C$4/1000)+2)*(General_Model!$C$26/A12)) -> 0.19290162 | C12: =IF(B12*B13<=0,1,0) -> 0
A13: 0.011 | B13: =(General_Model!$C$6/General_Model!$C$7)-1/(1+General_Model!$C$26/((1.2+0.2*(General_Model!$C$26/A13)+0.35*SQRT(9.80665*(General_Model!$C$4/1000))/A13)*A13))-(A13^2/(2*9.80665*General_Model!$C$7))*((4*(0.3164/((General_Model!$C$14*A13*(General_Model!$C$4/1000)/General_Model!$C$15)^0.25))*General_Model!$C$7/(General_Model!$C$4/1000)+1)+(4*(0.3164/((General_Model!$C$14*A13*(General_Model!$C$4/1000)/General_Model!$C$15)^0.25))*General_Model!$C$7/(General_Model!$C$4/1000)+2)*(General_Model!$C$26/A13)) -> 0.19180432 | C13: =IF(B13*B14<=0,1,0) -> 0
A14: 0.012 | B14: =(General_Model!$C$6/General_Model!$C$7)-1/(1+General_Model!$C$26/((1.2+0.2*(General_Model!$C$26/A14)+0.35*SQRT(9.80665*(General_Model!$C$4/1000))/A14)*A14))-(A14^2/(2*9.80665*General_Model!$C$7))*((4*(0.3164/((General_Model!$C$14*A14*(General_Model!$C$4/1000)/General_Model!$C$15)^0.25))*General_Model!$C$7/(General_Model!$C$4/1000)+1)+(4*(0.3164/((General_Model!$C$14*A14*(General_Model!$C$4/1000)/General_Model!$C$15)^0.25))*General_Model!$C$7/(General_Model!$C$4/1000)+2)*(General_Model!$C$26/A14)) -> 0.19071217 | C14: =IF(B14*B15<=0,1,0) -> 0
... A1001: 0.999 | B1001: =(General_Model!$C$6/General_Model!$C$7)-1/(1+General_Model!$C$26/((1.2+0.2*(General_Model!$C$26/A1001)+0.35*SQRT(9.80665*(General_Model!$C$4/1000))/A1001)*A1001))-(A1001^2/(2*9.80665*General_Model!$C$7))*((4*(0.3164/((General_Model!$C$14*A1001*(General_Model!$C$4/1000)/General_Model!$C$15)^0.25))*General_Model!$C$7/(General_Model!$C$4/1000)+1)+(4*(0.3164/((General_Model!$C$14*A1001*(General_Model!$C$4/1000)/General_Model!$C$15)^0.25))*General_Model!$C$7/(General_Model!$C$4/1000)+2)*(General_Model!$C$26/A1001)) -> -0.43827334 | C1001: =IF(B1001*B1002<=0,1,0) -> 0
A1002: 1 | B1002: =(General_Model!$C$6/General_Model!$C$7)-1/(1+General_Model!$C$26/((1.2+0.2*(General_Model!$C$26/A1002)+0.35*SQRT(9.80665*(General_Model!$C$4/1000))/A1002)*A1002))-(A1002^2/(2*9.80665*General_Model!$C$7))*((4*(0.3164/((General_Model!$C$14*A1002*(General_Model!$C$4/1000)/General_Model!$C$15)^0.25))*General_Model!$C$7/(General_Model!$C$4/1000)+1)+(4*(0.3164/((General_Model!$C$14*A1002*(General_Model!$C$4/1000)/General_Model!$C$15)^0.25))*General_Model!$C$7/(General_Model!$C$4/1000)+2)*(General_Model!$C$26/A1002)) -> -0.43882006

Sheet Solver_D
A1: SOLVER NUMERIK Jl — PVC 2" / INPUT KOLOM D
A2: Kandidat Jl (m/s) | B2: Residual persamaan airlift | C2: Tanda perubahan akar
A3: 0.001 | B3: =(General_Model!$D$6/General_Model!$D$7)-1/(1+General_Model!$D$26/((1.2+0.2*(General_Model!$D$26/A3)+0.35*SQRT(9.80665*(General_Model!$D$4/1000))/A3)*A3))-(A3^2/(2*9.80665*General_Model!$D$7))*((4*(0.3164/((General_Model!$D$14*A3*(General_Model!$D$4/1000)/General_Model!$D$15)^0.25))*General_Model!$D$7/(General_Model!$D$4/1000)+1)+(4*(0.3164/((General_Model!$D$14*A3*(General_Model!$D$4/1000)/General_Model!$D$15)^0.25))*General_Model!$D$7/(General_Model!$D$4/1000)+2)*(General_Model!$D$26/A3)) -> 0.20052309 | C3: =IF(B3*B4<=0,1,0) -> 0
A4: 0.002 | B4: =(General_Model!$D$6/General_Model!$D$7)-1/(1+General_Model!$D$26/((1.2+0.2*(General_Model!$D$26/A4)+0.35*SQRT(9.80665*(General_Model!$D$4/1000))/A4)*A4))-(A4^2/(2*9.80665*General_Model!$D$7))*((4*(0.3164/((General_Model!$D$14*A4*(General_Model!$D$4/1000)/General_Model!$D$15)^0.25))*General_Model!$D$7/(General_Model!$D$4/1000)+1)+(4*(0.3164/((General_Model!$D$14*A4*(General_Model!$D$4/1000)/General_Model!$D$15)^0.25))*General_Model!$D$7/(General_Model!$D$4/1000)+2)*(General_Model!$D$26/A4)) -> 0.19953196 | C4: =IF(B4*B5<=0,1,0) -> 0
A5: 0.003 | B5: =(General_Model!$D$6/General_Model!$D$7)-1/(1+General_Model!$D$26/((1.2+0.2*(General_Model!$D$26/A5)+0.35*SQRT(9.80665*(General_Model!$D$4/1000))/A5)*A5))-(A5^2/(2*9.80665*General_Model!$D$7))*((4*(0.3164/((General_Model!$D$14*A5*(General_Model!$D$4/1000)/General_Model!$D$15)^0.25))*General_Model!$D$7/(General_Model!$D$4/1000)+1)+(4*(0.3164/((General_Model!$D$14*A5*(General_Model!$D$4/1000)/General_Model!$D$15)^0.25))*General_Model!$D$7/(General_Model!$D$4/1000)+2)*(General_Model!$D$26/A5)) -> 0.19856175 | C5: =IF(B5*B6<=0,1,0) -> 0
A6: 0.004 | B6: =(General_Model!$D$6/General_Model!$D$7)-1/(1+General_Model!$D$26/((1.2+0.2*(General_Model!$D$26/A6)+0.35*SQRT(9.80665*(General_Model!$D$4/1000))/A6)*A6))-(A6^2/(2*9.80665*General_Model!$D$7))*((4*(0.3164/((General_Model!$D$14*A6*(General_Model!$D$4/1000)/General_Model!$D$15)^0.25))*General_Model!$D$7/(General_Model!$D$4/1000)+1)+(4*(0.3164/((General_Model!$D$14*A6*(General_Model!$D$4/1000)/General_Model!$D$15)^0.25))*General_Model!$D$7/(General_Model!$D$4/1000)+2)*(General_Model!$D$26/A6)) -> 0.1976043 | C6: =IF(B6*B7<=0,1,0) -> 0
A7: 0.005 | B7: =(General_Model!$D$6/General_Model!$D$7)-1/(1+General_Model!$D$26/((1.2+0.2*(General_Model!$D$26/A7)+0.35*SQRT(9.80665*(General_Model!$D$4/1000))/A7)*A7))-(A7^2/(2*9.80665*General_Model!$D$7))*((4*(0.3164/((General_Model!$D$14*A7*(General_Model!$D$4/1000)/General_Model!$D$15)^0.25))*General_Model!$D$7/(General_Model!$D$4/1000)+1)+(4*(0.3164/((General_Model!$D$14*A7*(General_Model!$D$4/1000)/General_Model!$D$15)^0.25))*General_Model!$D$7/(General_Model!$D$4/1000)+2)*(General_Model!$D$26/A7)) -> 0.19665615 | C7: =IF(B7*B8<=0,1,0) -> 0
A8: 0.006 | B8: =(General_Model!$D$6/General_Model!$D$7)-1/(1+General_Model!$D$26/((1.2+0.2*(General_Model!$D$26/A8)+0.35*SQRT(9.80665*(General_Model!$D$4/1000))/A8)*A8))-(A8^2/(2*9.80665*General_Model!$D$7))*((4*(0.3164/((General_Model!$D$14*A8*(General_Model!$D$4/1000)/General_Model!$D$15)^0.25))*General_Model!$D$7/(General_Model!$D$4/1000)+1)+(4*(0.3164/((General_Model!$D$14*A8*(General_Model!$D$4/1000)/General_Model!$D$15)^0.25))*General_Model!$D$7/(General_Model!$D$4/1000)+2)*(General_Model!$D$26/A8)) -> 0.19571536 | C8: =IF(B8*B9<=0,1,0) -> 0
A9: 0.007 | B9: =(General_Model!$D$6/General_Model!$D$7)-1/(1+General_Model!$D$26/((1.2+0.2*(General_Model!$D$26/A9)+0.35*SQRT(9.80665*(General_Model!$D$4/1000))/A9)*A9))-(A9^2/(2*9.80665*General_Model!$D$7))*((4*(0.3164/((General_Model!$D$14*A9*(General_Model!$D$4/1000)/General_Model!$D$15)^0.25))*General_Model!$D$7/(General_Model!$D$4/1000)+1)+(4*(0.3164/((General_Model!$D$14*A9*(General_Model!$D$4/1000)/General_Model!$D$15)^0.25))*General_Model!$D$7/(General_Model!$D$4/1000)+2)*(General_Model!$D$26/A9)) -> 0.19478075 | C9: =IF(B9*B10<=0,1,0) -> 0
A10: 0.008 | B10: =(General_Model!$D$6/General_Model!$D$7)-1/(1+General_Model!$D$26/((1.2+0.2*(General_Model!$D$26/A10)+0.35*SQRT(9.80665*(General_Model!$D$4/1000))/A10)*A10))-(A10^2/(2*9.80665*General_Model!$D$7))*((4*(0.3164/((General_Model!$D$14*A10*(General_Model!$D$4/1000)/General_Model!$D$15)^0.25))*General_Model!$D$7/(General_Model!$D$4/1000)+1)+(4*(0.3164/((General_Model!$D$14*A10*(General_Model!$D$4/1000)/General_Model!$D$15)^0.25))*General_Model!$D$7/(General_Model!$D$4/1000)+2)*(General_Model!$D$26/A10)) -> 0.19385149 | C10: =IF(B10*B11<=0,1,0) -> 0
A11: 0.009 | B11: =(General_Model!$D$6/General_Model!$D$7)-1/(1+General_Model!$D$26/((1.2+0.2*(General_Model!$D$26/A11)+0.35*SQRT(9.80665*(General_Model!$D$4/1000))/A11)*A11))-(A11^2/(2*9.80665*General_Model!$D$7))*((4*(0.3164/((General_Model!$D$14*A11*(General_Model!$D$4/1000)/General_Model!$D$15)^0.25))*General_Model!$D$7/(General_Model!$D$4/1000)+1)+(4*(0.3164/((General_Model!$D$14*A11*(General_Model!$D$4/1000)/General_Model!$D$15)^0.25))*General_Model!$D$7/(General_Model!$D$4/1000)+2)*(General_Model!$D$26/A11)) -> 0.19292699 | C11: =IF(B11*B12<=0,1,0) -> 0
A12: 0.01 | B12: =(General_Model!$D$6/General_Model!$D$7)-1/(1+General_Model!$D$26/((1.2+0.2*(General_Model!$D$26/A12)+0.35*SQRT(9.80665*(General_Model!$D$4/1000))/A12)*A12))-(A12^2/(2*9.80665*General_Model!$D$7))*((4*(0.3164/((General_Model!$D$14*A12*(General_Model!$D$4/1000)/General_Model!$D$15)^0.25))*General_Model!$D$7/(General_Model!$D$4/1000)+1)+(4*(0.3164/((General_Model!$D$14*A12*(General_Model!$D$4/1000)/General_Model!$D$15)^0.25))*General_Model!$D$7/(General_Model!$D$4/1000)+2)*(General_Model!$D$26/A12)) -> 0.19200682 | C12: =IF(B12*B13<=0,1,0) -> 0
A13: 0.011 | B13: =(General_Model!$D$6/General_Model!$D$7)-1/(1+General_Model!$D$26/((1.2+0.2*(General_Model!$D$26/A13)+0.35*SQRT(9.80665*(General_Model!$D$4/1000))/A13)*A13))-(A13^2/(2*9.80665*General_Model!$D$7))*((4*(0.3164/((General_Model!$D$14*A13*(General_Model!$D$4/1000)/General_Model!$D$15)^0.25))*General_Model!$D$7/(General_Model!$D$4/1000)+1)+(4*(0.3164/((General_Model!$D$14*A13*(General_Model!$D$4/1000)/General_Model!$D$15)^0.25))*General_Model!$D$7/(General_Model!$D$4/1000)+2)*(General_Model!$D$26/A13)) -> 0.19109063 | C13: =IF(B13*B14<=0,1,0) -> 0
A14: 0.012 | B14: =(General_Model!$D$6/General_Model!$D$7)-1/(1+General_Model!$D$26/((1.2+0.2*(General_Model!$D$26/A14)+0.35*SQRT(9.80665*(General_Model!$D$4/1000))/A14)*A14))-(A14^2/(2*9.80665*General_Model!$D$7))*((4*(0.3164/((General_Model!$D$14*A14*(General_Model!$D$4/1000)/General_Model!$D$15)^0.25))*General_Model!$D$7/(General_Model!$D$4/1000)+1)+(4*(0.3164/((General_Model!$D$14*A14*(General_Model!$D$4/1000)/General_Model!$D$15)^0.25))*General_Model!$D$7/(General_Model!$D$4/1000)+2)*(General_Model!$D$26/A14)) -> 0.19017813 | C14: =IF(B14*B15<=0,1,0) -> 0
... A1001: 0.999 | B1001: =(General_Model!$D$6/General_Model!$D$7)-1/(1+General_Model!$D$26/((1.2+0.2*(General_Model!$D$26/A1001)+0.35*SQRT(9.80665*(General_Model!$D$4/1000))/A1001)*A1001))-(A1001^2/(2*9.80665*General_Model!$D$7))*((4*(0.3164/((General_Model!$D$14*A1001*(General_Model!$D$4/1000)/General_Model!$D$15)^0.25))*General_Model!$D$7/(General_Model!$D$4/1000)+1)+(4*(0.3164/((General_Model!$D$14*A1001*(General_Model!$D$4/1000)/General_Model!$D$15)^0.25))*General_Model!$D$7/(General_Model!$D$4/1000)+2)*(General_Model!$D$26/A1001)) -> -0.36011203 | C1001: =IF(B1001*B1002<=0,1,0) -> 0
A1002: 1 | B1002: =(General_Model!$D$6/General_Model!$D$7)-1/(1+General_Model!$D$26/((1.2+0.2*(General_Model!$D$26/A1002)+0.35*SQRT(9.80665*(General_Model!$D$4/1000))/A1002)*A1002))-(A1002^2/(2*9.80665*General_Model!$D$7))*((4*(0.3164/((General_Model!$D$14*A1002*(General_Model!$D$4/1000)/General_Model!$D$15)^0.25))*General_Model!$D$7/(General_Model!$D$4/1000)+1)+(4*(0.3164/((General_Model!$D$14*A1002*(General_Model!$D$4/1000)/General_Model!$D$15)^0.25))*General_Model!$D$7/(General_Model!$D$4/1000)+2)*(General_Model!$D$26/A1002)) -> -0.36057886

Sheet Solver_E
A1: SOLVER NUMERIK Jl — PVC 2½" / INPUT KOLOM E
A2: Kandidat Jl (m/s) | B2: Residual persamaan airlift | C2: Tanda perubahan akar
A3: 0.001 | B3: =(General_Model!$E$6/General_Model!$E$7)-1/(1+General_Model!$E$26/((1.2+0.2*(General_Model!$E$26/A3)+0.35*SQRT(9.80665*(General_Model!$E$4/1000))/A3)*A3))-(A3^2/(2*9.80665*General_Model!$E$7))*((4*(0.3164/((General_Model!$E$14*A3*(General_Model!$E$4/1000)/General_Model!$E$15)^0.25))*General_Model!$E$7/(General_Model!$E$4/1000)+1)+(4*(0.3164/((General_Model!$E$14*A3*(General_Model!$E$4/1000)/General_Model!$E$15)^0.25))*General_Model!$E$7/(General_Model!$E$4/1000)+2)*(General_Model!$E$26/A3)) -> 0.1972598 | C3: =IF(B3*B4<=0,1,0) -> 0
A4: 0.002 | B4: =(General_Model!$E$6/General_Model!$E$7)-1/(1+General_Model!$E$26/((1.2+0.2*(General_Model!$E$26/A4)+0.35*SQRT(9.80665*(General_Model!$E$4/1000))/A4)*A4))-(A4^2/(2*9.80665*General_Model!$E$7))*((4*(0.3164/((General_Model!$E$14*A4*(General_Model!$E$4/1000)/General_Model!$E$15)^0.25))*General_Model!$E$7/(General_Model!$E$4/1000)+1)+(4*(0.3164/((General_Model!$E$14*A4*(General_Model!$E$4/1000)/General_Model!$E$15)^0.25))*General_Model!$E$7/(General_Model!$E$4/1000)+2)*(General_Model!$E$26/A4)) -> 0.19637504 | C4: =IF(B4*B5<=0,1,0) -> 0
A5: 0.003 | B5: =(General_Model!$E$6/General_Model!$E$7)-1/(1+General_Model!$E$26/((1.2+0.2*(General_Model!$E$26/A5)+0.35*SQRT(9.80665*(General_Model!$E$4/1000))/A5)*A5))-(A5^2/(2*9.80665*General_Model!$E$7))*((4*(0.3164/((General_Model!$E$14*A5*(General_Model!$E$4/1000)/General_Model!$E$15)^0.25))*General_Model!$E$7/(General_Model!$E$4/1000)+1)+(4*(0.3164/((General_Model!$E$14*A5*(General_Model!$E$4/1000)/General_Model!$E$15)^0.25))*General_Model!$E$7/(General_Model!$E$4/1000)+2)*(General_Model!$E$26/A5)) -> 0.19550731 | C5: =IF(B5*B6<=0,1,0) -> 0
A6: 0.004 | B6: =(General_Model!$E$6/General_Model!$E$7)-1/(1+General_Model!$E$26/((1.2+0.2*(General_Model!$E$26/A6)+0.35*SQRT(9.80665*(General_Model!$E$4/1000))/A6)*A6))-(A6^2/(2*9.80665*General_Model!$E$7))*((4*(0.3164/((General_Model!$E$14*A6*(General_Model!$E$4/1000)/General_Model!$E$15)^0.25))*General_Model!$E$7/(General_Model!$E$4/1000)+1)+(4*(0.3164/((General_Model!$E$14*A6*(General_Model!$E$4/1000)/General_Model!$E$15)^0.25))*General_Model!$E$7/(General_Model!$E$4/1000)+2)*(General_Model!$E$26/A6)) -> 0.19464999 | C6: =IF(B6*B7<=0,1,0) -> 0
A7: 0.005 | B7: =(General_Model!$E$6/General_Model!$E$7)-1/(1+General_Model!$E$26/((1.2+0.2*(General_Model!$E$26/A7)+0.35*SQRT(9.80665*(General_Model!$E$4/1000))/A7)*A7))-(A7^2/(2*9.80665*General_Model!$E$7))*((4*(0.3164/((General_Model!$E$14*A7*(General_Model!$E$4/1000)/General_Model!$E$15)^0.25))*General_Model!$E$7/(General_Model!$E$4/1000)+1)+(4*(0.3164/((General_Model!$E$14*A7*(General_Model!$E$4/1000)/General_Model!$E$15)^0.25))*General_Model!$E$7/(General_Model!$E$4/1000)+2)*(General_Model!$E$26/A7)) -> 0.19380023 | C7: =IF(B7*B8<=0,1,0) -> 0
A8: 0.006 | B8: =(General_Model!$E$6/General_Model!$E$7)-1/(1+General_Model!$E$26/((1.2+0.2*(General_Model!$E$26/A8)+0.35*SQRT(9.80665*(General_Model!$E$4/1000))/A8)*A8))-(A8^2/(2*9.80665*General_Model!$E$7))*((4*(0.3164/((General_Model!$E$14*A8*(General_Model!$E$4/1000)/General_Model!$E$15)^0.25))*General_Model!$E$7/(General_Model!$E$4/1000)+1)+(4*(0.3164/((General_Model!$E$14*A8*(General_Model!$E$4/1000)/General_Model!$E$15)^0.25))*General_Model!$E$7/(General_Model!$E$4/1000)+2)*(General_Model!$E$26/A8)) -> 0.19295646 | C8: =IF(B8*B9<=0,1,0) -> 0
A9: 0.007 | B9: =(General_Model!$E$6/General_Model!$E$7)-1/(1+General_Model!$E$26/((1.2+0.2*(General_Model!$E$26/A9)+0.35*SQRT(9.80665*(General_Model!$E$4/1000))/A9)*A9))-(A9^2/(2*9.80665*General_Model!$E$7))*((4*(0.3164/((General_Model!$E$14*A9*(General_Model!$E$4/1000)/General_Model!$E$15)^0.25))*General_Model!$E$7/(General_Model!$E$4/1000)+1)+(4*(0.3164/((General_Model!$E$14*A9*(General_Model!$E$4/1000)/General_Model!$E$15)^0.25))*General_Model!$E$7/(General_Model!$E$4/1000)+2)*(General_Model!$E$26/A9)) -> 0.19211771 | C9: =IF(B9*B10<=0,1,0) -> 0
A10: 0.008 | B10: =(General_Model!$E$6/General_Model!$E$7)-1/(1+General_Model!$E$26/((1.2+0.2*(General_Model!$E$26/A10)+0.35*SQRT(9.80665*(General_Model!$E$4/1000))/A10)*A10))-(A10^2/(2*9.80665*General_Model!$E$7))*((4*(0.3164/((General_Model!$E$14*A10*(General_Model!$E$4/1000)/General_Model!$E$15)^0.25))*General_Model!$E$7/(General_Model!$E$4/1000)+1)+(4*(0.3164/((General_Model!$E$14*A10*(General_Model!$E$4/1000)/General_Model!$E$15)^0.25))*General_Model!$E$7/(General_Model!$E$4/1000)+2)*(General_Model!$E$26/A10)) -> 0.19128331 | C10: =IF(B10*B11<=0,1,0) -> 0
A11: 0.009 | B11: =(General_Model!$E$6/General_Model!$E$7)-1/(1+General_Model!$E$26/((1.2+0.2*(General_Model!$E$26/A11)+0.35*SQRT(9.80665*(General_Model!$E$4/1000))/A11)*A11))-(A11^2/(2*9.80665*General_Model!$E$7))*((4*(0.3164/((General_Model!$E$14*A11*(General_Model!$E$4/1000)/General_Model!$E$15)^0.25))*General_Model!$E$7/(General_Model!$E$4/1000)+1)+(4*(0.3164/((General_Model!$E$14*A11*(General_Model!$E$4/1000)/General_Model!$E$15)^0.25))*General_Model!$E$7/(General_Model!$E$4/1000)+2)*(General_Model!$E$26/A11)) -> 0.19045278 | C11: =IF(B11*B12<=0,1,0) -> 0
A12: 0.01 | B12: =(General_Model!$E$6/General_Model!$E$7)-1/(1+General_Model!$E$26/((1.2+0.2*(General_Model!$E$26/A12)+0.35*SQRT(9.80665*(General_Model!$E$4/1000))/A12)*A12))-(A12^2/(2*9.80665*General_Model!$E$7))*((4*(0.3164/((General_Model!$E$14*A12*(General_Model!$E$4/1000)/General_Model!$E$15)^0.25))*General_Model!$E$7/(General_Model!$E$4/1000)+1)+(4*(0.3164/((General_Model!$E$14*A12*(General_Model!$E$4/1000)/General_Model!$E$15)^0.25))*General_Model!$E$7/(General_Model!$E$4/1000)+2)*(General_Model!$E$26/A12)) -> 0.18962576 | C12: =IF(B12*B13<=0,1,0) -> 0
A13: 0.011 | B13: =(General_Model!$E$6/General_Model!$E$7)-1/(1+General_Model!$E$26/((1.2+0.2*(General_Model!$E$26/A13)+0.35*SQRT(9.80665*(General_Model!$E$4/1000))/A13)*A13))-(A13^2/(2*9.80665*General_Model!$E$7))*((4*(0.3164/((General_Model!$E$14*A13*(General_Model!$E$4/1000)/General_Model!$E$15)^0.25))*General_Model!$E$7/(General_Model!$E$4/1000)+1)+(4*(0.3164/((General_Model!$E$14*A13*(General_Model!$E$4/1000)/General_Model!$E$15)^0.25))*General_Model!$E$7/(General_Model!$E$4/1000)+2)*(General_Model!$E$26/A13)) -> 0.18880196 | C13: =IF(B13*B14<=0,1,0) -> 0
A14: 0.012 | B14: =(General_Model!$E$6/General_Model!$E$7)-1/(1+General_Model!$E$26/((1.2+0.2*(General_Model!$E$26/A14)+0.35*SQRT(9.80665*(General_Model!$E$4/1000))/A14)*A14))-(A14^2/(2*9.80665*General_Model!$E$7))*((4*(0.3164/((General_Model!$E$14*A14*(General_Model!$E$4/1000)/General_Model!$E$15)^0.25))*General_Model!$E$7/(General_Model!$E$4/1000)+1)+(4*(0.3164/((General_Model!$E$14*A14*(General_Model!$E$4/1000)/General_Model!$E$15)^0.25))*General_Model!$E$7/(General_Model!$E$4/1000)+2)*(General_Model!$E$26/A14)) -> 0.18798116 | C14: =IF(B14*B15<=0,1,0) -> 0
... A1001: 0.999 | B1001: =(General_Model!$E$6/General_Model!$E$7)-1/(1+General_Model!$E$26/((1.2+0.2*(General_Model!$E$26/A1001)+0.35*SQRT(9.80665*(General_Model!$E$4/1000))/A1001)*A1001))-(A1001^2/(2*9.80665*General_Model!$E$7))*((4*(0.3164/((General_Model!$E$14*A1001*(General_Model!$E$4/1000)/General_Model!$E$15)^0.25))*General_Model!$E$7/(General_Model!$E$4/1000)+1)+(4*(0.3164/((General_Model!$E$14*A1001*(General_Model!$E$4/1000)/General_Model!$E$15)^0.25))*General_Model!$E$7/(General_Model!$E$4/1000)+2)*(General_Model!$E$26/A1001)) -> -0.32467019 | C1001: =IF(B1001*B1002<=0,1,0) -> 0
A1002: 1 | B1002: =(General_Model!$E$6/General_Model!$E$7)-1/(1+General_Model!$E$26/((1.2+0.2*(General_Model!$E$26/A1002)+0.35*SQRT(9.80665*(General_Model!$E$4/1000))/A1002)*A1002))-(A1002^2/(2*9.80665*General_Model!$E$7))*((4*(0.3164/((General_Model!$E$14*A1002*(General_Model!$E$4/1000)/General_Model!$E$15)^0.25))*General_Model!$E$7/(General_Model!$E$4/1000)+1)+(4*(0.3164/((General_Model!$E$14*A1002*(General_Model!$E$4/1000)/General_Model!$E$15)^0.25))*General_Model!$E$7/(General_Model!$E$4/1000)+2)*(General_Model!$E$26/A1002)) -> -0.32510416

Sheet Model_Notes
A1: CATATAN MODEL DAN KOREKSI WORKBOOK
A3: Item | B3: Penjelasan | C3: Status | D3: Catatan
A4: Perbaikan utama | B4: Setiap kolom skenario memakai solver residual sendiri. Tidak ada referensi solver dari PVC 1¼″ yang dipakai oleh kolom PVC 2″ atau PVC 2½″. | C4: Diperbaiki
A5: Input yang boleh diubah | B5: ID riser, jumlah bore, Hs, L, diameter bore, t, Cd, surface tension, densitas, viskositas, dan ΔP diffuser. | C5: Pengguna | D5: Jika parameter diffuser berubah, nilai flow bore dan seluruh model ikut dihitung ulang.
A6: Output yang dihitung ulang | B6: Ar, ΔPcap, ΔP aliran bore, Qg, Jg, index akar, Jl, Qw, slip ratio, α dan rezim. | C6: Otomatis
A7: Batas rezim | B7: α < 0.20 bubbly; 0.20–<0.30 bubbly–slug; 0.30–<0.52 slug/intermittent; 0.52–<0.70 churn; α ≥ 0.70 churn tinggi. | C7: Klasifikasi kerja | D7: Batas slug–churn menggunakan α = 0.52.
A8: Akar tidak ditemukan | B8: Bila sebuah kolom menghasilkan 'Di luar domain model', model slug yang dipakai tidak menemukan akar fisik pada Jl = 0.001–1.000 m/s. Jangan memaksa hasil tersebut menjadi regime lain. | C8: Kontrol validitas
