Workbook

Sheet INPUT
A1: Parameter | B1: Nilai | C1: Satuan | D1: Simbol | E1: Keterangan
A2: Diameter kolam | B2: 2 | C2: m | D2: D | E2: Kolam D2
A3: Jari-jari kolam | B3: =B2/2 -> 1 | C3: m | D3: r | E3: Diameter dibagi 2
A4: Kedalaman air | B4: 0.8 | C4: m | D4: h | E4: Kedalaman efektif air
A5: Volume kolam | B5: =PI()*B3^2*B4 -> 2.5132741 | C5: m3 | D5: V | E5: Volume tabung
A6: Kepadatan tebar | B6: 300 | C6: ekor/m3 | D6: SD | E6: Asumsi desain
A7: Jumlah ikan | B7: =B5*B6 -> 753.98224 | C7: ekor | D7: N | E7: Volume x kepadatan
A8: Bobot rata-rata | B8: 0.05 | C8: kg/ekor | D8: W | E8: 50 gram per ekor
A9: Biomassa | B9: =B7*B8 -> 37.699112 | C9: kg | D9: B | E9: Jumlah ikan x bobot
A10: Feeding rate | B10: 0.03 | C10: fraksi/hari | D10: FR | E10: 3 persen biomassa
A11: Pakan harian | B11: =B9*B10 -> 1.1309734 | C11: kg/hari | D11: F | E11: Biomassa x feeding rate
A12: Protein pakan | B12: 0.32 | C12: fraksi | D12: CP | E12: 32 persen
A13: Molase terhadap pakan | B13: 0.10 | C13: fraksi | D13: MR | E13: 10 persen dari pakan
A14: Molase harian | B14: =B11*B13 -> 0.11309734 | C14: kg/hari | D14: M | E14: Pakan x rasio molase
A15: Konsumsi O2 ikan | B15: 0.35 | C15: g O2/kg/jam | D15: q_ikan | E15: Asumsi moderat
A16: Retensi nitrogen ikan | B16: 0.30 | C16: fraksi | D16: RN | E16: 30 persen
A17: Fraksi nitrifikasi | B17: 0.40 | C17: fraksi | D17: f_nit | E17: 40 persen N limbah
A18: COD molase | B18: 1.00 | C18: kg O2/kg molase | D18: COD_C | E18: Asumsi praktis
A19: Fraksi oksidasi karbon | B19: 0.70 | C19: fraksi | D19: f_oks | E19: 70 persen
A20: Faktor BOD pakan | B20: 0.25 | C20: kg O2/kg pakan | D20: k_BOD | E20: Asumsi pakan cukup baik
A21: Faktor flok/endapan | B21: 0.20 | C21: fraksi | D21: f_bg | E21: 20 persen subtotal
A22: Safety factor | B22: 1.50 | C22: fraksi | D22: SF | E22: Faktor keamanan
A23: Peak factor | B23: 1.80 | C23: fraksi | D23: PF | E23: Faktor puncak
A24: OTE difuser | B24: 0.06 | C24: fraksi | D24: OTE | E24: 6 persen
A25: Cadangan blower | B25: 0.20 | C25: fraksi | D25: CB | E25: 20 persen
A26: DO target | B26: 5 | C26: mg/L | D26: DO_target | E26: Target DO kolam
... A33: SOTR aerator | B33: 1.00 | C33: kg O2/jam | D33: SOTR | E33: Contoh spesifikasi standar

Sheet NERACA_O2
A1: Komponen | B1: Rumus Excel | C1: Satuan | D1: Keterangan
A2: O2 ikan | B2: =INPUT!B9*INPUT!B15*24/1000 -> 0.31667254 | C2: kg O2/hari | D2: Biomassa x q ikan x 24
A3: N pakan | B3: =INPUT!B11*INPUT!B12/6.25 -> 0.057905836 | C3: kg N/hari | D3: Pakan x CP / 6.25
A4: N limbah | B4: =B3*(1-INPUT!B16) -> 0.040534085 | C4: kg N/hari | D4: N pakan x 70 persen
A5: N nitrifikasi | B5: =B4*INPUT!B17 -> 0.016213634 | C5: kg N/hari | D5: N limbah x fraksi nitrifikasi
A6: O2 nitrogen | B6: =4.57*B5 -> 0.074096307 | C6: kg O2/hari | D6: Kebutuhan O2 nitrifikasi
A7: O2 karbon/molase | B7: =INPUT!B14*INPUT!B18*INPUT!B19 -> 0.079168135 | C7: kg O2/hari | D7: Molase x COD x fraksi oksidasi
A8: O2 organik | B8: =INPUT!B11*INPUT!B20 -> 0.28274334 | C8: kg O2/hari | D8: Pakan x faktor BOD
A9: Subtotal O2 | B9: =B2+B6+B7+B8 -> 0.75268032 | C9: kg O2/hari | D9: Ikan + N + C + organik
A10: O2 flok/endapan | B10: =B9*INPUT!B21 -> 0.15053606 | C10: kg O2/hari | D10: Subtotal x faktor flok
A11: O2 total operasional | B11: =B9+B10 -> 0.90321638 | C11: kg O2/hari | D11: Subtotal + flok/endapan
A12: O2 desain | B12: =B11*INPUT!B22 -> 1.3548246 | C12: kg O2/hari | D12: O2 total x safety factor
A13: O2 rata-rata per jam | B13: =B12/24 -> 0.056451024 | C13: kg O2/jam | D13: O2 desain / 24
A14: O2 puncak | B14: =B13*INPUT!B23 -> 0.10161184 | C14: kg O2/jam | D14: O2 rata-rata x peak factor

Sheet BLOWER_DIFUSER
A1: Parameter | B1: Rumus Excel | C1: Satuan | D1: Keterangan | E1: Column1
A2: O2 puncak | B2: =NERACA_O2!B14 -> 0.10161184 | C2: kg O2/jam | D2: Dari sheet neraca O2
A3: OTE | B3: =INPUT!B24 -> 0.06 | C3: fraksi | D3: Efisiensi transfer aktual
A4: Udara teoritis | B4: =B2/(0.0179*B3) -> 94.610655 | C4: L/menit | D4: Kebutuhan udara tanpa cadangan
A5: Cadangan blower | B5: =INPUT!B25 -> 0.20 | C5: fraksi | D5: 20 persen
A6: Blower minimum | B6: =B4*(1+B5) -> 113.53279 | C6: L/menit | D6: Udara teoritis + cadangan
A7: Rekomendasi bawah | B7: =ROUNDUP(B6/10,0)*10 -> 120 | D7: L/menit | E7: Dibulatkan ke atas
A8: Rekomendasi atas | B8: =B7+20 -> 140 | C8: L/menit | D8: Ruang aman praktis
A9: Udara ke airlift 60% | B9: =B7*0.6 -> 72 | C9: L/menit | D9: Pembagian bawah
A10: Udara ke airlift 70% | B10: =B7*0.7 -> 84 | C10: L/menit | D10: Pembagian atas
A11: Udara ke difuser 30% | B11: =B7*0.3 -> 36 | C11: L/menit | D11: Pembagian bawah
A12: Udara ke difuser 40% | B12: =B7*0.4 -> 48 | C12: L/menit | D12: Pembagian atas

Sheet AERATOR_AOTR
A1: Parameter | B1: Rumus Excel | C1: Nilai | D1: Satuan | E1: Keterangan | F1: Column1 | G1: _1
A2: SOTR aerator | B2: =INPUT!B32 -> 1.00 | D2: kg O2/jam | E2: Spesifikasi standar
A3: Alpha | B3: =INPUT!B27 -> 30 | D3: fraksi | E3: Faktor air bioflok
A4: Theta | B4: =INPUT!B28 -> 0.60 | D4: - | E4: Faktor suhu
A5: T | B5: =INPUT!B26 -> 5 | C5: C | D5: Suhu air
A6: Beta | B6: =INPUT!B31 -> 9.08 | D6: fraksi | E6: Faktor air tawar
A7: Cs | B7: =INPUT!B29 -> 1.024 | C7: mg/L | D7: DO jenuh suhu aktual
A8: DO target | B8: =INPUT!B26 -> 5 | C8: mg/L | D8: Target DO
A9: Cs20 | B9: =INPUT!B30 -> 7.44 | C9: mg/L | D9: DO jenuh 20C
A10: Faktor suhu | B10: =B4^(B5-20) -> 2126.8225 | D10: - | E10: theta^(T-20)
A11: Driving force | B11: =(B6*B7-B8)/B9 -> 1249.0484 | D11: - | E11: (beta Cs - DO target)/Cs20
A12: AOTR aerator | B12: =B2*B3*B10*B11 -> 79695126 | D12: kg O2/jam | E12: SOTR terkoreksi
A13: O2 puncak kolam | B13: =NERACA_O2!B14 -> 0.10161184 | D13: kg O2/jam | E13: Kebutuhan puncak
A14: Status | B14: =IF(B12>=B13,Cukup secara O2,Belum Cukup) -> #NAME? | C14: Cukup secara O2 | D14: Belum cukup) | G14: -

Sheet ARUS_AIRLIFT
A1: Parameter | B1: Rumus Excel | C1: Nilai | D1: Satuan | E1: Keterangan | F1: Column1
A2: Panjang ikan kecil | B2: 0.10 | C2: L_kecil | D2: m | E2: 10 cm
A3: Panjang ikan besar | B3: 0.15 | C3: L_besar | D3: m | E3: 15 cm
A4: Target arus bawah | B4: 0.05 | C4: v_target_low | D4: m/s | E4: Batas bawah praktis
A5: Target arus atas | B5: 0.12 | C5: v_target_high | D5: m/s | E5: Batas atas target
A6: Batas maksimum | B6: 0.15 | C6: v_max | D6: m/s | E6: Batas atas praktis
A7: v max ikan kecil | B7: =B2*1 -> 0.1 | C7: m/s | D7: 1 BL/s untuk ikan 10 cm
A8: v max ikan besar | B8: =B3*1 -> 0.15 | C8: m/s | D8: 1 BL/s untuk ikan 15 cm
A9: Status arus 0.05 | B9: =IF(0.05<B4, "Risiko_endap", "Aman") -> Risiko_endap | E9: Contoh logika
A10: Status arus 0.12 | B10: =IF(0.12<=B6, "aman","tinggi") -> aman | E10: Contoh logika
A11: Status arus 0.15 | B11: =IF(0.15<=B6,"Batas Atas","Terlalu Tinggi") -> Batas Atas | E11: Contoh logika

Sheet SIFON_DRAIN
A1: Parameter | B1: Rumus Excel | C1: Nilai | D1: Satuan | E1: Keterangan
A2: Jari-jari kolam | B2: =INPUT!B3 -> 1 | C2: r | D2: m | E2: Dari input
A3: Luas dasar | B3: =PI()*B2^2 -> 3.1415927 | C3: A | D3: m2 | E3: Luas dasar kolam
A4: Drain minimum per m2 | B4: 5 | C4: Qmin_m2 | D4: L/menit/m2 | E4: Acuan flushing padatan
A5: Drain maksimum per m2 | B5: 6 | C5: Qmax_m2 | D5: L/menit/m2 | E5: Acuan flushing padatan
A6: Q drain minimum | B6: =B3*B4 -> 15.707963 | C6: L/menit | D6: A x 5
A7: Q drain maksimum | B7: =B3*B5 -> 18.849556 | C7: L/menit | D7: A x 6
A8: Catatan | B8: - | C8: - | D8: - | E8: Untuk D2 diterapkan sebagai sifon berkala bukan drain kontinu

Sheet OUR_OTR
A1: Parameter | B1: Input/Rumus | C1: Nilai | D1: Satuan | E1: Keterangan
A2: Volume kolam | B2: =INPUT!B5 -> 2.5132741 | C2: V | D2: m3 | E2: Volume efektif
A3: DO awal OUR | B3: 6.0 | C3: DO1 | D3: mg/L | E3: Isi manual
A4: DO akhir OUR | B4: 5.6 | C4: DO2 | D4: mg/L | E4: Isi manual
A5: Durasi uji OUR | B5: 10 | C5: t_OUR | D5: menit | E5: Isi manual
A6: Penurunan DO per jam | B6: =(B3-B4)*(60/B5) -> 2.4 | C6: mg/L/jam | D6: Konversi ke per jam
A7: OUR | B7: =B6*B2/1000 -> 0.0060318579 | C7: kg O2/jam | D7: Laju konsumsi O2
A8: DO awal OTR | B8: 5.6 | C8: DO3 | D8: mg/L | E8: Isi manual
A9: DO akhir OTR | B9: 6.2 | C9: DO4 | D9: mg/L | E9: Isi manual
A10: Durasi uji OTR | B10: 20 | C10: t_OTR | D10: menit | E10: Isi manual
A11: Kenaikan DO per jam | B11: =(B9-B8)*(60/B10) -> 1.8 | C11: mg/L/jam | D11: Konversi ke per jam
A12: OTR | B12: =B7+(B11*B2/1000) -> 0.010555751 | C12: kg O2/jam | D12: OUR + kenaikan DO
A13: O2 puncak desain | B13: =NERACA_O2!B14 -> 0.10161184 | C13: kg O2/jam | D13: Pembanding
A14: Status OTR | B14: =IF(B12>=B13,"OTR Cukup","OTR Belum Cukup") -> OTR Belum Cukup | E14: Keputusan

Sheet PAKET_PRODUK
A1: Kategori | B1: Spesifikasi Minimum | C1: Rekomendasi D2 | D1: Catatan
A2: Blower udara | B2: 110-130 L/menit | C2: 1 unit 120 L/menit | D2: Utama untuk airlift dan difuser
A3: Difuser airlift | B3: gelembung sedang/fine bubble kuat | C3: 1 titik dalam pipa airlift | D3: Untuk dorong air naik
A4: Difuser tambahan | B4: fine bubble 6-10 inch | C4: 1-2 titik | D4: Untuk pemerataan DO
A5: Airlift-pump | B5: pipa PVC tegak bawah terbuka | C5: 1 unit tangensial | D5: Outlet mengikuti dinding
A6: Aerator tambahan | B6: kecil/emergency | C6: opsional | D6: Cadangan DO dan degassing
A7: DO meter | B7: 0-20 mg/L | C7: resolusi 0.1 mg/L | D7: Wajib untuk validasi
A8: pH meter | B8: digital kalibrasi | C8: 1 unit | D8: Target pH 6.8-8.0
A9: Imhoff cone | B9: 1000 ml | C9: 1 unit | D9: Alternatif gelas ukur 1 L
A10: TDS/EC meter | B10: portabel | C10: opsional | D10: Bukan pengganti DO meter
A11: Manifold + valve | B11: bisa atur debit | C11: 2-3 jalur | D11: Wajib untuk koreksi udara
A12: Check valve | B12: anti air balik | C12: 1-2 unit | D12: Melindungi blower
... A14: Backup listrik | B14: UPS/genset/aerator DC | C14: opsional sangat disarankan | D14: Kritis saat padat tebar

Sheet DASHBOARD
A1: Indikator | B1: Rumus | C1: Satuan | D1: Status
A2: Volume kolam | B2: =INPUT!B5 -> 2.5132741 | C2: m3 | D2: -
A3: Biomassa | B3: =INPUT!B9 -> 37.699112 | C3: kg | D3: -
A4: Pakan harian | B4: =INPUT!B11 -> 1.1309734 | C4: kg/hari | D4: -
A5: Molase harian | B5: =INPUT!B14 -> 0.11309734 | C5: kg/hari | D5: -
A6: O2 total | B6: =NERACA_O2!B11 -> 0.90321638 | C6: kg O2/hari | D6: -
A7: O2 desain | B7: =NERACA_O2!B12 -> 1.3548246 | C7: kg O2/hari | D7: -
A8: O2 puncak | B8: =NERACA_O2!B14 -> 0.10161184 | C8: kg O2/jam | D8: -
A9: Blower rekomendasi bawah | B9: =BLOWER_DIFUSER!B7 -> 120 | C9: L/menit | D9: -
A10: Blower rekomendasi atas | B10: =BLOWER_DIFUSER!B8 -> 140 | C10: L/menit | D10: -
A11: Udara airlift bawah | B11: =BLOWER_DIFUSER!B9 -> 72 | C11: L/menit | D11: -
A12: Udara airlift atas | B12: =BLOWER_DIFUSER!B10 -> 84 | C12: L/menit | D12: -
A13: Udara difuser bawah | B13: =BLOWER_DIFUSER!B11 -> 36 | C13: L/menit | D13: -
A14: Udara difuser atas | B14: =BLOWER_DIFUSER!B12 -> 48 | C14: L/menit | D14: -
A15: Target arus bawah | B15: =ARUS_AIRLIFT!B4 -> 0.05 | C15: m/s | D15: -
A16: Target arus atas | B16: =ARUS_AIRLIFT!B5 -> 0.12 | C16: m/s | D16: -
A17: Batas arus maksimum | B17: =ARUS_AIRLIFT!B6 -> 0.15 | C17: m/s | D17: -
A18: OUR lapangan | B18: =OUR_OTR!B7 -> 0.0060318579 | C18: kg O2/jam | D18: -
A19: OTR lapangan | B19: =OUR_OTR!B12 -> 0.010555751 | C19: kg O2/jam | D19: -
A20: Status OTR | B20: =OUR_OTR!B14 -> OTR Belum Cukup | D20: -
